year,idx,day_key,image_path,mask_path,storm_pct_valid,split
MY28,12,P01_day14,C:\Users\nicof\Desktop\proy_olga\Comparacion_de_metodos\MY28\selected_top100\images\P01_day14.png,C:\Users\nicof\Desktop\proy_olga\Comparacion_de_metodos\MY28\selected_top100\masks\P01_day14_mask_class.png,1.2949591656442865,train
MY28,18,P01_day20,C:\Users\nicof\Desktop\proy_olga\Comparacion_de_metodos\MY28\selected_top100\images\P01_day20.png,C:\Users\nicof\Desktop\proy_olga\Comparacion_de_metodos\MY28\selected_top100\masks\P01_day20_mask_class.png,1.5740412846625833,train
MY28,19,P01_day21,C:\Users\nicof\Desktop\proy_olga\Comparacion_de_metodos\MY28\selected_top100\images\P01_day21.png,C:\Users\nicof\Desktop\proy_olga\Comparacion_de_metodos\MY28\selected_top100\masks\P01_day21_mask_class.png,0.3838469546450727,train
MY28,24,P02_day01,C:\Users\nicof\Desktop\proy_olga\Comparacion_de_metodos\MY28\selected_top100\images\P02_day01.png,C:\Users\nicof\Desktop\proy_olga\Comparacion_de_metodos\MY28\selected_top100\masks\P02_day01_mask_class.png,0.4676853209707176,train
MY28,26,P02_day03,C:\Users\nicof\Desktop\proy_olga\Comparacion_de_metodos\MY28\selected_top100\images\P02_day03.png,C:\Users\nicof\Desktop\proy_olga\Comparacion_de_metodos\MY28\selected_top100\masks\P02_day03_mask_class.png,0.8527514935451254,train
MY28,27,P02_day04,C:\Users\nicof\Desktop\proy_olga\Comparacion_de_metodos\MY28\selected_top100\images\P02_day04.png,C:\Users\nicof\Desktop\proy_olga\Comparacion_de_metodos\MY28\selected_top100\masks\P02_day04_mask_class.png,1.2370603465083907,train
MY28,28,P02_day05,C:\Users\nicof\Desktop\proy_olga\Comparacion_de_metodos\MY28\selected_top100\images\P02_day05.png,C:\Users\nicof\Desktop\proy_olga\Comparacion_de_metodos\MY28\selected_top100\masks\P02_day05_mask_class.png,2.4482786923868485,train
MY28,30,P02_day07,C:\Users\nicof\Desktop\proy_olga\Comparacion_de_metodos\MY28\selected_top100\images\P02_day07.png,C:\Users\nicof\Desktop\proy_olga\Comparacion_de_metodos\MY28\selected_top100\masks\P02_day07_mask_class.png,2.160244624702992,train
MY28,31,P02_day08,C:\Users\nicof\Desktop\proy_olga\Comparacion_de_metodos\MY28\selected_top100\images\P02_day08.png,C:\Users\nicof\Desktop\proy_olga\Comparacion_de_metodos\MY28\selected_top100\masks\P02_day08_mask_class.png,3.152473796533964,train
MY28,44,P02_day21,C:\Users\nicof\Desktop\proy_olga\Comparacion_de_metodos\MY28\selected_top100\images\P02_day21.png,C:\Users\nicof\Desktop\proy_olga\Comparacion_de_metodos\MY28\selected_top100\masks\P02_day21_mask_class.png,5.276442537074699,train
MY28,45,P02_day22,C:\Users\nicof\Desktop\proy_olga\Comparacion_de_metodos\MY28\selected_top100\images\P02_day22.png,C:\Users\nicof\Desktop\proy_olga\Comparacion_de_metodos\MY28\selected_top100\masks\P02_day22_mask_class.png,2.722785557165084,train
MY28,46,P02_day23,C:\Users\nicof\Desktop\proy_olga\Comparacion_de_metodos\MY28\selected_top100\images\P02_day23.png,C:\Users\nicof\Desktop\proy_olga\Comparacion_de_metodos\MY28\selected_top100\masks\P02_day23_mask_class.png,2.5319753787860138,train
MY28,48,P02_day25,C:\Users\nicof\Desktop\proy_olga\Comparacion_de_metodos\MY28\selected_top100\images\P02_day25.png,C:\Users\nicof\Desktop\proy_olga\Comparacion_de_metodos\MY28\selected_top100\masks\P02_day25_mask_class.png,2.0547503083007395,train
MY28,51,P02_day28,C:\Users\nicof\Desktop\proy_olga\Comparacion_de_metodos\MY28\selected_top100\images\P02_day28.png,C:\Users\nicof\Desktop\proy_olga\Comparacion_de_metodos\MY28\selected_top100\masks\P02_day28_mask_class.png,3.934910331949472,train
MY28,52,P02_day29,C:\Users\nicof\Desktop\proy_olga\Comparacion_de_metodos\MY28\selected_top100\images\P02_day29.png,C:\Users\nicof\Desktop\proy_olga\Comparacion_de_metodos\MY28\selected_top100\masks\P02_day29_mask_class.png,2.033137067367486,train
MY28,53,P02_day30,C:\Users\nicof\Desktop\proy_olga\Comparacion_de_metodos\MY28\selected_top100\images\P02_day30.png,C:\Users\nicof\Desktop\proy_olga\Comparacion_de_metodos\MY28\selected_top100\masks\P02_day30_mask_class.png,2.3232042622726947,train
MY28,54,P02_day31,C:\Users\nicof\Desktop\proy_olga\Comparacion_de_metodos\MY28\selected_top100\images\P02_day31.png,C:\Users\nicof\Desktop\proy_olga\Comparacion_de_metodos\MY28\selected_top100\masks\P02_day31_mask_class.png,3.3514377563587234,train
MY28,65,P03_day09,C:\Users\nicof\Desktop\proy_olga\Comparacion_de_metodos\MY28\selected_top100\images\P03_day09.png,C:\Users\nicof\Desktop\proy_olga\Comparacion_de_metodos\MY28\selected_top100\masks\P03_day09_mask_class.png,1.291850665658665,train
MY28,69,P03_day13,C:\Users\nicof\Desktop\proy_olga\Comparacion_de_metodos\MY28\selected_top100\images\P03_day13.png,C:\Users\nicof\Desktop\proy_olga\Comparacion_de_metodos\MY28\selected_top100\masks\P03_day13_mask_class.png,2.32102588911596,train
MY28,83,P03_day27,C:\Users\nicof\Desktop\proy_olga\Comparacion_de_metodos\MY28\selected_top100\images\P03_day27.png,C:\Users\nicof\Desktop\proy_olga\Comparacion_de_metodos\MY28\selected_top100\masks\P03_day27_mask_class.png,8.084875470567434,train
MY28,98,P04_day09,C:\Users\nicof\Desktop\proy_olga\Comparacion_de_metodos\MY28\selected_top100\images\P04_day09.png,C:\Users\nicof\Desktop\proy_olga\Comparacion_de_metodos\MY28\selected_top100\masks\P04_day09_mask_class.png,10.1885346095321,train
MY28,99,P04_day10,C:\Users\nicof\Desktop\proy_olga\Comparacion_de_metodos\MY28\selected_top100\images\P04_day10.png,C:\Users\nicof\Desktop\proy_olga\Comparacion_de_metodos\MY28\selected_top100\masks\P04_day10_mask_class.png,7.648680244342687,train
MY28,100,P04_day11,C:\Users\nicof\Desktop\proy_olga\Comparacion_de_metodos\MY28\selected_top100\images\P04_day11.png,C:\Users\nicof\Desktop\proy_olga\Comparacion_de_metodos\MY28\selected_top100\masks\P04_day11_mask_class.png,6.833213887684179,train
MY28,106,P04_day17,C:\Users\nicof\Desktop\proy_olga\Comparacion_de_metodos\MY28\selected_top100\images\P04_day17.png,C:\Users\nicof\Desktop\proy_olga\Comparacion_de_metodos\MY28\selected_top100\masks\P04_day17_mask_class.png,2.85376692327921,train
MY28,107,P04_day18,C:\Users\nicof\Desktop\proy_olga\Comparacion_de_metodos\MY28\selected_top100\images\P04_day18.png,C:\Users\nicof\Desktop\proy_olga\Comparacion_de_metodos\MY28\selected_top100\masks\P04_day18_mask_class.png,4.848420351784847,train
MY28,115,P04_day26,C:\Users\nicof\Desktop\proy_olga\Comparacion_de_metodos\MY28\selected_top100\images\P04_day26.png,C:\Users\nicof\Desktop\proy_olga\Comparacion_de_metodos\MY28\selected_top100\masks\P04_day26_mask_class.png,0.6125250585534329,train
MY28,117,P04_day28,C:\Users\nicof\Desktop\proy_olga\Comparacion_de_metodos\MY28\selected_top100\images\P04_day28.png,C:\Users\nicof\Desktop\proy_olga\Comparacion_de_metodos\MY28\selected_top100\masks\P04_day28_mask_class.png,0.3361092090507834,train
MY28,126,P05_day07,C:\Users\nicof\Desktop\proy_olga\Comparacion_de_metodos\MY28\selected_top100\images\P05_day07.png,C:\Users\nicof\Desktop\proy_olga\Comparacion_de_metodos\MY28\selected_top100\masks\P05_day07_mask_class.png,1.3943287245552551,train
MY28,127,P05_day08,C:\Users\nicof\Desktop\proy_olga\Comparacion_de_metodos\MY28\selected_top100\images\P05_day08.png,C:\Users\nicof\Desktop\proy_olga\Comparacion_de_metodos\MY28\selected_top100\masks\P05_day08_mask_class.png,6.348445193489423,train
MY28,128,P05_day09,C:\Users\nicof\Desktop\proy_olga\Comparacion_de_metodos\MY28\selected_top100\images\P05_day09.png,C:\Users\nicof\Desktop\proy_olga\Comparacion_de_metodos\MY28\selected_top100\masks\P05_day09_mask_class.png,4.442036383669938,train
MY28,129,P05_day10,C:\Users\nicof\Desktop\proy_olga\Comparacion_de_metodos\MY28\selected_top100\images\P05_day10.png,C:\Users\nicof\Desktop\proy_olga\Comparacion_de_metodos\MY28\selected_top100\masks\P05_day10_mask_class.png,4.355116023931442,train
MY28,131,P05_day12,C:\Users\nicof\Desktop\proy_olga\Comparacion_de_metodos\MY28\selected_top100\images\P05_day12.png,C:\Users\nicof\Desktop\proy_olga\Comparacion_de_metodos\MY28\selected_top100\masks\P05_day12_mask_class.png,5.247927710664648,train
MY28,136,P05_day25,C:\Users\nicof\Desktop\proy_olga\Comparacion_de_metodos\MY28\selected_top100\images\P05_day25.png,C:\Users\nicof\Desktop\proy_olga\Comparacion_de_metodos\MY28\selected_top100\masks\P05_day25_mask_class.png,1.075818345932722,train
MY28,137,P05_day26,C:\Users\nicof\Desktop\proy_olga\Comparacion_de_metodos\MY28\selected_top100\images\P05_day26.png,C:\Users\nicof\Desktop\proy_olga\Comparacion_de_metodos\MY28\selected_top100\masks\P05_day26_mask_class.png,3.191623129463444,train
MY28,150,P06_day06,C:\Users\nicof\Desktop\proy_olga\Comparacion_de_metodos\MY28\selected_top100\images\P06_day06.png,C:\Users\nicof\Desktop\proy_olga\Comparacion_de_metodos\MY28\selected_top100\masks\P06_day06_mask_class.png,0.33355599060003,train
MY28,152,P06_day08,C:\Users\nicof\Desktop\proy_olga\Comparacion_de_metodos\MY28\selected_top100\images\P06_day08.png,C:\Users\nicof\Desktop\proy_olga\Comparacion_de_metodos\MY28\selected_top100\masks\P06_day08_mask_class.png,1.2720389048780012,train
MY28,155,P06_day11,C:\Users\nicof\Desktop\proy_olga\Comparacion_de_metodos\MY28\selected_top100\images\P06_day11.png,C:\Users\nicof\Desktop\proy_olga\Comparacion_de_metodos\MY28\selected_top100\masks\P06_day11_mask_class.png,1.98463207176496,train
MY28,158,P06_day14,C:\Users\nicof\Desktop\proy_olga\Comparacion_de_metodos\MY28\selected_top100\images\P06_day14.png,C:\Users\nicof\Desktop\proy_olga\Comparacion_de_metodos\MY28\selected_top100\masks\P06_day14_mask_class.png,1.549695285453034,train
MY28,160,P06_day16,C:\Users\nicof\Desktop\proy_olga\Comparacion_de_metodos\MY28\selected_top100\images\P06_day16.png,C:\Users\nicof\Desktop\proy_olga\Comparacion_de_metodos\MY28\selected_top100\masks\P06_day16_mask_class.png,0.3153428067710486,train
MY28,163,P06_day19,C:\Users\nicof\Desktop\proy_olga\Comparacion_de_metodos\MY28\selected_top100\images\P06_day19.png,C:\Users\nicof\Desktop\proy_olga\Comparacion_de_metodos\MY28\selected_top100\masks\P06_day19_mask_class.png,0.8227851095484459,train
MY28,169,P06_day25,C:\Users\nicof\Desktop\proy_olga\Comparacion_de_metodos\MY28\selected_top100\images\P06_day25.png,C:\Users\nicof\Desktop\proy_olga\Comparacion_de_metodos\MY28\selected_top100\masks\P06_day25_mask_class.png,1.6067694496340603,train
MY28,171,P06_day27,C:\Users\nicof\Desktop\proy_olga\Comparacion_de_metodos\MY28\selected_top100\images\P06_day27.png,C:\Users\nicof\Desktop\proy_olga\Comparacion_de_metodos\MY28\selected_top100\masks\P06_day27_mask_class.png,1.1563028293697029,train
MY28,172,P06_day28,C:\Users\nicof\Desktop\proy_olga\Comparacion_de_metodos\MY28\selected_top100\images\P06_day28.png,C:\Users\nicof\Desktop\proy_olga\Comparacion_de_metodos\MY28\selected_top100\masks\P06_day28_mask_class.png,0.4993519948959131,train
MY28,176,P06_day32,C:\Users\nicof\Desktop\proy_olga\Comparacion_de_metodos\MY28\selected_top100\images\P06_day32.png,C:\Users\nicof\Desktop\proy_olga\Comparacion_de_metodos\MY28\selected_top100\masks\P06_day32_mask_class.png,0.2658949799428039,train
MY28,178,P07_day02,C:\Users\nicof\Desktop\proy_olga\Comparacion_de_metodos\MY28\selected_top100\images\P07_day02.png,C:\Users\nicof\Desktop\proy_olga\Comparacion_de_metodos\MY28\selected_top100\masks\P07_day02_mask_class.png,1.341940904463221,train
MY28,181,P07_day05,C:\Users\nicof\Desktop\proy_olga\Comparacion_de_metodos\MY28\selected_top100\images\P07_day05.png,C:\Users\nicof\Desktop\proy_olga\Comparacion_de_metodos\MY28\selected_top100\masks\P07_day05_mask_class.png,1.6024634894613925,train
MY28,192,P07_day16,C:\Users\nicof\Desktop\proy_olga\Comparacion_de_metodos\MY28\selected_top100\images\P07_day16.png,C:\Users\nicof\Desktop\proy_olga\Comparacion_de_metodos\MY28\selected_top100\masks\P07_day16_mask_class.png,0.7304118647465502,train
MY28,194,P07_day20,C:\Users\nicof\Desktop\proy_olga\Comparacion_de_metodos\MY28\selected_top100\images\P07_day20.png,C:\Users\nicof\Desktop\proy_olga\Comparacion_de_metodos\MY28\selected_top100\masks\P07_day20_mask_class.png,1.3905152494400184,train
MY28,198,P07_day24,C:\Users\nicof\Desktop\proy_olga\Comparacion_de_metodos\MY28\selected_top100\images\P07_day24.png,C:\Users\nicof\Desktop\proy_olga\Comparacion_de_metodos\MY28\selected_top100\masks\P07_day24_mask_class.png,0.5660573490798383,train
MY28,201,P07_day27,C:\Users\nicof\Desktop\proy_olga\Comparacion_de_metodos\MY28\selected_top100\images\P07_day27.png,C:\Users\nicof\Desktop\proy_olga\Comparacion_de_metodos\MY28\selected_top100\masks\P07_day27_mask_class.png,0.734584720474857,train
MY28,204,P07_day30,C:\Users\nicof\Desktop\proy_olga\Comparacion_de_metodos\MY28\selected_top100\images\P07_day30.png,C:\Users\nicof\Desktop\proy_olga\Comparacion_de_metodos\MY28\selected_top100\masks\P07_day30_mask_class.png,1.3218622006962504,train
MY28,206,P07_day32,C:\Users\nicof\Desktop\proy_olga\Comparacion_de_metodos\MY28\selected_top100\images\P07_day32.png,C:\Users\nicof\Desktop\proy_olga\Comparacion_de_metodos\MY28\selected_top100\masks\P07_day32_mask_class.png,1.1467981875776896,train
MY28,212,P08_day05,C:\Users\nicof\Desktop\proy_olga\Comparacion_de_metodos\MY28\selected_top100\images\P08_day05.png,C:\Users\nicof\Desktop\proy_olga\Comparacion_de_metodos\MY28\selected_top100\masks\P08_day05_mask_class.png,0.4239692286767449,train
MY28,213,P08_day06,C:\Users\nicof\Desktop\proy_olga\Comparacion_de_metodos\MY28\selected_top100\images\P08_day06.png,C:\Users\nicof\Desktop\proy_olga\Comparacion_de_metodos\MY28\selected_top100\masks\P08_day06_mask_class.png,0.5753738863895748,train
MY28,216,P08_day09,C:\Users\nicof\Desktop\proy_olga\Comparacion_de_metodos\MY28\selected_top100\images\P08_day09.png,C:\Users\nicof\Desktop\proy_olga\Comparacion_de_metodos\MY28\selected_top100\masks\P08_day09_mask_class.png,0.381077699743502,train
MY28,221,P08_day14,C:\Users\nicof\Desktop\proy_olga\Comparacion_de_metodos\MY28\selected_top100\images\P08_day14.png,C:\Users\nicof\Desktop\proy_olga\Comparacion_de_metodos\MY28\selected_top100\masks\P08_day14_mask_class.png,1.3665377571323276,train
MY28,222,P08_day15,C:\Users\nicof\Desktop\proy_olga\Comparacion_de_metodos\MY28\selected_top100\images\P08_day15.png,C:\Users\nicof\Desktop\proy_olga\Comparacion_de_metodos\MY28\selected_top100\masks\P08_day15_mask_class.png,0.9541406041725168,train
MY28,223,P08_day16,C:\Users\nicof\Desktop\proy_olga\Comparacion_de_metodos\MY28\selected_top100\images\P08_day16.png,C:\Users\nicof\Desktop\proy_olga\Comparacion_de_metodos\MY28\selected_top100\masks\P08_day16_mask_class.png,0.7637755703498725,train
MY28,225,P08_day18,C:\Users\nicof\Desktop\proy_olga\Comparacion_de_metodos\MY28\selected_top100\images\P08_day18.png,C:\Users\nicof\Desktop\proy_olga\Comparacion_de_metodos\MY28\selected_top100\masks\P08_day18_mask_class.png,0.7010290293385932,train
MY28,226,P08_day19,C:\Users\nicof\Desktop\proy_olga\Comparacion_de_metodos\MY28\selected_top100\images\P08_day19.png,C:\Users\nicof\Desktop\proy_olga\Comparacion_de_metodos\MY28\selected_top100\masks\P08_day19_mask_class.png,0.759185248724787,train
MY28,227,P08_day20,C:\Users\nicof\Desktop\proy_olga\Comparacion_de_metodos\MY28\selected_top100\images\P08_day20.png,C:\Users\nicof\Desktop\proy_olga\Comparacion_de_metodos\MY28\selected_top100\masks\P08_day20_mask_class.png,0.7061118279319438,train
MY28,228,P08_day21,C:\Users\nicof\Desktop\proy_olga\Comparacion_de_metodos\MY28\selected_top100\images\P08_day21.png,C:\Users\nicof\Desktop\proy_olga\Comparacion_de_metodos\MY28\selected_top100\masks\P08_day21_mask_class.png,0.7920408904914504,train
MY28,229,P08_day22,C:\Users\nicof\Desktop\proy_olga\Comparacion_de_metodos\MY28\selected_top100\images\P08_day22.png,C:\Users\nicof\Desktop\proy_olga\Comparacion_de_metodos\MY28\selected_top100\masks\P08_day22_mask_class.png,0.3132464302111362,train
MY28,231,P08_day24,C:\Users\nicof\Desktop\proy_olga\Comparacion_de_metodos\MY28\selected_top100\images\P08_day24.png,C:\Users\nicof\Desktop\proy_olga\Comparacion_de_metodos\MY28\selected_top100\masks\P08_day24_mask_class.png,0.5871062752998606,train
MY28,235,P08_day28,C:\Users\nicof\Desktop\proy_olga\Comparacion_de_metodos\MY28\selected_top100\images\P08_day28.png,C:\Users\nicof\Desktop\proy_olga\Comparacion_de_metodos\MY28\selected_top100\masks\P08_day28_mask_class.png,4.262418999623171,train
MY28,237,P08_day30,C:\Users\nicof\Desktop\proy_olga\Comparacion_de_metodos\MY28\selected_top100\images\P08_day30.png,C:\Users\nicof\Desktop\proy_olga\Comparacion_de_metodos\MY28\selected_top100\masks\P08_day30_mask_class.png,8.247627151177076,train
MY28,248,P09_day09,C:\Users\nicof\Desktop\proy_olga\Comparacion_de_metodos\MY28\selected_top100\images\P09_day09.png,C:\Users\nicof\Desktop\proy_olga\Comparacion_de_metodos\MY28\selected_top100\masks\P09_day09_mask_class.png,16.20423460656203,train
MY28,262,P09_day24,C:\Users\nicof\Desktop\proy_olga\Comparacion_de_metodos\MY28\selected_top100\images\P09_day24.png,C:\Users\nicof\Desktop\proy_olga\Comparacion_de_metodos\MY28\selected_top100\masks\P09_day24_mask_class.png,14.385879703729868,train
MY28,263,P09_day25,C:\Users\nicof\Desktop\proy_olga\Comparacion_de_metodos\MY28\selected_top100\images\P09_day25.png,C:\Users\nicof\Desktop\proy_olga\Comparacion_de_metodos\MY28\selected_top100\masks\P09_day25_mask_class.png,11.5706169778712,train
MY28,264,P09_day26,C:\Users\nicof\Desktop\proy_olga\Comparacion_de_metodos\MY28\selected_top100\images\P09_day26.png,C:\Users\nicof\Desktop\proy_olga\Comparacion_de_metodos\MY28\selected_top100\masks\P09_day26_mask_class.png,8.377839299451372,train
MY28,267,P09_day29,C:\Users\nicof\Desktop\proy_olga\Comparacion_de_metodos\MY28\selected_top100\images\P09_day29.png,C:\Users\nicof\Desktop\proy_olga\Comparacion_de_metodos\MY28\selected_top100\masks\P09_day29_mask_class.png,9.493346740910267,val
MY28,268,P09_day30,C:\Users\nicof\Desktop\proy_olga\Comparacion_de_metodos\MY28\selected_top100\images\P09_day30.png,C:\Users\nicof\Desktop\proy_olga\Comparacion_de_metodos\MY28\selected_top100\masks\P09_day30_mask_class.png,7.553037715157759,val
MY28,269,P09_day31,C:\Users\nicof\Desktop\proy_olga\Comparacion_de_metodos\MY28\selected_top100\images\P09_day31.png,C:\Users\nicof\Desktop\proy_olga\Comparacion_de_metodos\MY28\selected_top100\masks\P09_day31_mask_class.png,8.332051127059314,val
MY28,270,P09_day32,C:\Users\nicof\Desktop\proy_olga\Comparacion_de_metodos\MY28\selected_top100\images\P09_day32.png,C:\Users\nicof\Desktop\proy_olga\Comparacion_de_metodos\MY28\selected_top100\masks\P09_day32_mask_class.png,6.750700979077228,val
MY28,271,P09_day33,C:\Users\nicof\Desktop\proy_olga\Comparacion_de_metodos\MY28\selected_top100\images\P09_day33.png,C:\Users\nicof\Desktop\proy_olga\Comparacion_de_metodos\MY28\selected_top100\masks\P09_day33_mask_class.png,4.885263724306601,val
MY28,272,P10_day01,C:\Users\nicof\Desktop\proy_olga\Comparacion_de_metodos\MY28\selected_top100\images\P10_day01.png,C:\Users\nicof\Desktop\proy_olga\Comparacion_de_metodos\MY28\selected_top100\masks\P10_day01_mask_class.png,2.39110033919597,val
MY28,273,P10_day02,C:\Users\nicof\Desktop\proy_olga\Comparacion_de_metodos\MY28\selected_top100\images\P10_day02.png,C:\Users\nicof\Desktop\proy_olga\Comparacion_de_metodos\MY28\selected_top100\masks\P10_day02_mask_class.png,1.0113725840300942,val
MY28,274,P10_day03,C:\Users\nicof\Desktop\proy_olga\Comparacion_de_metodos\MY28\selected_top100\images\P10_day03.png,C:\Users\nicof\Desktop\proy_olga\Comparacion_de_metodos\MY28\selected_top100\masks\P10_day03_mask_class.png,1.2322255448938075,val
MY28,275,P10_day04,C:\Users\nicof\Desktop\proy_olga\Comparacion_de_metodos\MY28\selected_top100\images\P10_day04.png,C:\Users\nicof\Desktop\proy_olga\Comparacion_de_metodos\MY28\selected_top100\masks\P10_day04_mask_class.png,0.6388953135725545,val
MY28,300,P12_day17,C:\Users\nicof\Desktop\proy_olga\Comparacion_de_metodos\MY28\selected_top100\images\P12_day17.png,C:\Users\nicof\Desktop\proy_olga\Comparacion_de_metodos\MY28\selected_top100\masks\P12_day17_mask_class.png,1.5362108633483609,val
MY28,302,P12_day19,C:\Users\nicof\Desktop\proy_olga\Comparacion_de_metodos\MY28\selected_top100\images\P12_day19.png,C:\Users\nicof\Desktop\proy_olga\Comparacion_de_metodos\MY28\selected_top100\masks\P12_day19_mask_class.png,0.8590507219155875,val
MY28,303,P12_day20,C:\Users\nicof\Desktop\proy_olga\Comparacion_de_metodos\MY28\selected_top100\images\P12_day20.png,C:\Users\nicof\Desktop\proy_olga\Comparacion_de_metodos\MY28\selected_top100\masks\P12_day20_mask_class.png,0.3333429767546251,val
MY28,304,P12_day21,C:\Users\nicof\Desktop\proy_olga\Comparacion_de_metodos\MY28\selected_top100\images\P12_day21.png,C:\Users\nicof\Desktop\proy_olga\Comparacion_de_metodos\MY28\selected_top100\masks\P12_day21_mask_class.png,1.2607569929297977,val
MY28,305,P12_day22,C:\Users\nicof\Desktop\proy_olga\Comparacion_de_metodos\MY28\selected_top100\images\P12_day22.png,C:\Users\nicof\Desktop\proy_olga\Comparacion_de_metodos\MY28\selected_top100\masks\P12_day22_mask_class.png,0.6240116696332251,val
MY28,306,P12_day23,C:\Users\nicof\Desktop\proy_olga\Comparacion_de_metodos\MY28\selected_top100\images\P12_day23.png,C:\Users\nicof\Desktop\proy_olga\Comparacion_de_metodos\MY28\selected_top100\masks\P12_day23_mask_class.png,0.5891523090316442,val
MY28,307,P12_day24,C:\Users\nicof\Desktop\proy_olga\Comparacion_de_metodos\MY28\selected_top100\images\P12_day24.png,C:\Users\nicof\Desktop\proy_olga\Comparacion_de_metodos\MY28\selected_top100\masks\P12_day24_mask_class.png,0.923262011441933,test
MY28,311,P12_day28,C:\Users\nicof\Desktop\proy_olga\Comparacion_de_metodos\MY28\selected_top100\images\P12_day28.png,C:\Users\nicof\Desktop\proy_olga\Comparacion_de_metodos\MY28\selected_top100\masks\P12_day28_mask_class.png,3.394838138277941,test
MY28,313,P12_day30,C:\Users\nicof\Desktop\proy_olga\Comparacion_de_metodos\MY28\selected_top100\images\P12_day30.png,C:\Users\nicof\Desktop\proy_olga\Comparacion_de_metodos\MY28\selected_top100\masks\P12_day30_mask_class.png,1.4660193505791164,test
MY28,314,P12_day31,C:\Users\nicof\Desktop\proy_olga\Comparacion_de_metodos\MY28\selected_top100\images\P12_day31.png,C:\Users\nicof\Desktop\proy_olga\Comparacion_de_metodos\MY28\selected_top100\masks\P12_day31_mask_class.png,0.7751517880371629,test
MY28,315,P12_day32,C:\Users\nicof\Desktop\proy_olga\Comparacion_de_metodos\MY28\selected_top100\images\P12_day32.png,C:\Users\nicof\Desktop\proy_olga\Comparacion_de_metodos\MY28\selected_top100\masks\P12_day32_mask_class.png,1.2653311507636842,test
MY28,316,P12_day33,C:\Users\nicof\Desktop\proy_olga\Comparacion_de_metodos\MY28\selected_top100\images\P12_day33.png,C:\Users\nicof\Desktop\proy_olga\Comparacion_de_metodos\MY28\selected_top100\masks\P12_day33_mask_class.png,2.3647891981137565,test
MY28,323,P13_day07,C:\Users\nicof\Desktop\proy_olga\Comparacion_de_metodos\MY28\selected_top100\images\P13_day07.png,C:\Users\nicof\Desktop\proy_olga\Comparacion_de_metodos\MY28\selected_top100\masks\P13_day07_mask_class.png,0.7714471450081694,test
MY28,327,P13_day19,C:\Users\nicof\Desktop\proy_olga\Comparacion_de_metodos\MY28\selected_top100\images\P13_day19.png,C:\Users\nicof\Desktop\proy_olga\Comparacion_de_metodos\MY28\selected_top100\masks\P13_day19_mask_class.png,0.9677173810817292,test
MY28,328,P13_day20,C:\Users\nicof\Desktop\proy_olga\Comparacion_de_metodos\MY28\selected_top100\images\P13_day20.png,C:\Users\nicof\Desktop\proy_olga\Comparacion_de_metodos\MY28\selected_top100\masks\P13_day20_mask_class.png,2.254143077781925,test
MY28,329,P13_day21,C:\Users\nicof\Desktop\proy_olga\Comparacion_de_metodos\MY28\selected_top100\images\P13_day21.png,C:\Users\nicof\Desktop\proy_olga\Comparacion_de_metodos\MY28\selected_top100\masks\P13_day21_mask_class.png,1.9038682977362933,test
MY28,330,P13_day22,C:\Users\nicof\Desktop\proy_olga\Comparacion_de_metodos\MY28\selected_top100\images\P13_day22.png,C:\Users\nicof\Desktop\proy_olga\Comparacion_de_metodos\MY28\selected_top100\masks\P13_day22_mask_class.png,0.376143461458371,test
MY28,331,P13_day23,C:\Users\nicof\Desktop\proy_olga\Comparacion_de_metodos\MY28\selected_top100\images\P13_day23.png,C:\Users\nicof\Desktop\proy_olga\Comparacion_de_metodos\MY28\selected_top100\masks\P13_day23_mask_class.png,0.8888025406362893,test
MY28,332,P13_day24,C:\Users\nicof\Desktop\proy_olga\Comparacion_de_metodos\MY28\selected_top100\images\P13_day24.png,C:\Users\nicof\Desktop\proy_olga\Comparacion_de_metodos\MY28\selected_top100\masks\P13_day24_mask_class.png,0.8905677354356938,test
MY28,334,P13_day26,C:\Users\nicof\Desktop\proy_olga\Comparacion_de_metodos\MY28\selected_top100\images\P13_day26.png,C:\Users\nicof\Desktop\proy_olga\Comparacion_de_metodos\MY28\selected_top100\masks\P13_day26_mask_class.png,0.8254376480670004,test
MY28,335,P13_day27,C:\Users\nicof\Desktop\proy_olga\Comparacion_de_metodos\MY28\selected_top100\images\P13_day27.png,C:\Users\nicof\Desktop\proy_olga\Comparacion_de_metodos\MY28\selected_top100\masks\P13_day27_mask_class.png,0.271253835678413,test
MY31,4,G15_day18,C:\Users\nicof\Desktop\proy_olga\Comparacion_de_metodos\MY31\selected_top100\images\G15_day18.png,C:\Users\nicof\Desktop\proy_olga\Comparacion_de_metodos\MY31\selected_top100\masks\G15_day18_mask_class.png,1.7469119527588677,train
MY31,5,G15_day19,C:\Users\nicof\Desktop\proy_olga\Comparacion_de_metodos\MY31\selected_top100\images\G15_day19.png,C:\Users\nicof\Desktop\proy_olga\Comparacion_de_metodos\MY31\selected_top100\masks\G15_day19_mask_class.png,0.9723584319999172,train
MY31,7,G15_day21,C:\Users\nicof\Desktop\proy_olga\Comparacion_de_metodos\MY31\selected_top100\images\G15_day21.png,C:\Users\nicof\Desktop\proy_olga\Comparacion_de_metodos\MY31\selected_top100\masks\G15_day21_mask_class.png,0.9362181714023414,train
MY31,9,G15_day27,C:\Users\nicof\Desktop\proy_olga\Comparacion_de_metodos\MY31\selected_top100\images\G15_day27.png,C:\Users\nicof\Desktop\proy_olga\Comparacion_de_metodos\MY31\selected_top100\masks\G15_day27_mask_class.png,1.675199981673417,train
MY31,10,G15_day28,C:\Users\nicof\Desktop\proy_olga\Comparacion_de_metodos\MY31\selected_top100\images\G15_day28.png,C:\Users\nicof\Desktop\proy_olga\Comparacion_de_metodos\MY31\selected_top100\masks\G15_day28_mask_class.png,1.3929577188752067,train
MY31,12,G15_day30,C:\Users\nicof\Desktop\proy_olga\Comparacion_de_metodos\MY31\selected_top100\images\G15_day30.png,C:\Users\nicof\Desktop\proy_olga\Comparacion_de_metodos\MY31\selected_top100\masks\G15_day30_mask_class.png,1.4422108535322284,train
MY31,13,G15_day31,C:\Users\nicof\Desktop\proy_olga\Comparacion_de_metodos\MY31\selected_top100\images\G15_day31.png,C:\Users\nicof\Desktop\proy_olga\Comparacion_de_metodos\MY31\selected_top100\masks\G15_day31_mask_class.png,2.1558273781090147,train
MY31,17,G16_day03,C:\Users\nicof\Desktop\proy_olga\Comparacion_de_metodos\MY31\selected_top100\images\G16_day03.png,C:\Users\nicof\Desktop\proy_olga\Comparacion_de_metodos\MY31\selected_top100\masks\G16_day03_mask_class.png,1.6019161336864811,train
MY31,21,G16_day07,C:\Users\nicof\Desktop\proy_olga\Comparacion_de_metodos\MY31\selected_top100\images\G16_day07.png,C:\Users\nicof\Desktop\proy_olga\Comparacion_de_metodos\MY31\selected_top100\masks\G16_day07_mask_class.png,1.9256579778865388,train
MY31,22,G16_day08,C:\Users\nicof\Desktop\proy_olga\Comparacion_de_metodos\MY31\selected_top100\images\G16_day08.png,C:\Users\nicof\Desktop\proy_olga\Comparacion_de_metodos\MY31\selected_top100\masks\G16_day08_mask_class.png,2.188747286362056,train
MY31,27,G16_day13,C:\Users\nicof\Desktop\proy_olga\Comparacion_de_metodos\MY31\selected_top100\images\G16_day13.png,C:\Users\nicof\Desktop\proy_olga\Comparacion_de_metodos\MY31\selected_top100\masks\G16_day13_mask_class.png,1.2635284652723415,train
MY31,28,G16_day14,C:\Users\nicof\Desktop\proy_olga\Comparacion_de_metodos\MY31\selected_top100\images\G16_day14.png,C:\Users\nicof\Desktop\proy_olga\Comparacion_de_metodos\MY31\selected_top100\masks\G16_day14_mask_class.png,2.768645180821972,train
MY31,50,G17_day03,C:\Users\nicof\Desktop\proy_olga\Comparacion_de_metodos\MY31\selected_top100\images\G17_day03.png,C:\Users\nicof\Desktop\proy_olga\Comparacion_de_metodos\MY31\selected_top100\masks\G17_day03_mask_class.png,0.7625257780340071,train
MY31,62,G17_day19,C:\Users\nicof\Desktop\proy_olga\Comparacion_de_metodos\MY31\selected_top100\images\G17_day19.png,C:\Users\nicof\Desktop\proy_olga\Comparacion_de_metodos\MY31\selected_top100\masks\G17_day19_mask_class.png,0.5756433938237335,train
MY31,71,G17_day28,C:\Users\nicof\Desktop\proy_olga\Comparacion_de_metodos\MY31\selected_top100\images\G17_day28.png,C:\Users\nicof\Desktop\proy_olga\Comparacion_de_metodos\MY31\selected_top100\masks\G17_day28_mask_class.png,0.740785897091177,train
MY31,72,G17_day29,C:\Users\nicof\Desktop\proy_olga\Comparacion_de_metodos\MY31\selected_top100\images\G17_day29.png,C:\Users\nicof\Desktop\proy_olga\Comparacion_de_metodos\MY31\selected_top100\masks\G17_day29_mask_class.png,1.4337276880185683,train
MY31,81,G18_day06,C:\Users\nicof\Desktop\proy_olga\Comparacion_de_metodos\MY31\selected_top100\images\G18_day06.png,C:\Users\nicof\Desktop\proy_olga\Comparacion_de_metodos\MY31\selected_top100\masks\G18_day06_mask_class.png,1.8347872632404163,train
MY31,82,G18_day07,C:\Users\nicof\Desktop\proy_olga\Comparacion_de_metodos\MY31\selected_top100\images\G18_day07.png,C:\Users\nicof\Desktop\proy_olga\Comparacion_de_metodos\MY31\selected_top100\masks\G18_day07_mask_class.png,1.089198853866381,train
MY31,91,G18_day16,C:\Users\nicof\Desktop\proy_olga\Comparacion_de_metodos\MY31\selected_top100\images\G18_day16.png,C:\Users\nicof\Desktop\proy_olga\Comparacion_de_metodos\MY31\selected_top100\masks\G18_day16_mask_class.png,1.1289060993814135,train
MY31,103,G18_day28,C:\Users\nicof\Desktop\proy_olga\Comparacion_de_metodos\MY31\selected_top100\images\G18_day28.png,C:\Users\nicof\Desktop\proy_olga\Comparacion_de_metodos\MY31\selected_top100\masks\G18_day28_mask_class.png,1.9128484427263843,train
MY31,104,G18_day29,C:\Users\nicof\Desktop\proy_olga\Comparacion_de_metodos\MY31\selected_top100\images\G18_day29.png,C:\Users\nicof\Desktop\proy_olga\Comparacion_de_metodos\MY31\selected_top100\masks\G18_day29_mask_class.png,1.299740966938136,train
MY31,105,G18_day30,C:\Users\nicof\Desktop\proy_olga\Comparacion_de_metodos\MY31\selected_top100\images\G18_day30.png,C:\Users\nicof\Desktop\proy_olga\Comparacion_de_metodos\MY31\selected_top100\masks\G18_day30_mask_class.png,1.1019679468838557,train
MY31,139,G19_day32,C:\Users\nicof\Desktop\proy_olga\Comparacion_de_metodos\MY31\selected_top100\images\G19_day32.png,C:\Users\nicof\Desktop\proy_olga\Comparacion_de_metodos\MY31\selected_top100\masks\G19_day32_mask_class.png,1.5491034116960842,train
MY31,276,D01_day29,C:\Users\nicof\Desktop\proy_olga\Comparacion_de_metodos\MY31\selected_top100\images\D01_day29.png,C:\Users\nicof\Desktop\proy_olga\Comparacion_de_metodos\MY31\selected_top100\masks\D01_day29_mask_class.png,0.6397782401173888,train
MY31,284,D02_day08,C:\Users\nicof\Desktop\proy_olga\Comparacion_de_metodos\MY31\selected_top100\images\D02_day08.png,C:\Users\nicof\Desktop\proy_olga\Comparacion_de_metodos\MY31\selected_top100\masks\D02_day08_mask_class.png,1.0101154134081496,train
MY31,288,D02_day12,C:\Users\nicof\Desktop\proy_olga\Comparacion_de_metodos\MY31\selected_top100\images\D02_day12.png,C:\Users\nicof\Desktop\proy_olga\Comparacion_de_metodos\MY31\selected_top100\masks\D02_day12_mask_class.png,0.5917173444665854,train
MY31,289,D02_day13,C:\Users\nicof\Desktop\proy_olga\Comparacion_de_metodos\MY31\selected_top100\images\D02_day13.png,C:\Users\nicof\Desktop\proy_olga\Comparacion_de_metodos\MY31\selected_top100\masks\D02_day13_mask_class.png,0.9388452928353044,train
MY31,290,D02_day14,C:\Users\nicof\Desktop\proy_olga\Comparacion_de_metodos\MY31\selected_top100\images\D02_day14.png,C:\Users\nicof\Desktop\proy_olga\Comparacion_de_metodos\MY31\selected_top100\masks\D02_day14_mask_class.png,1.9042453733062523,train
MY31,298,D02_day22,C:\Users\nicof\Desktop\proy_olga\Comparacion_de_metodos\MY31\selected_top100\images\D02_day22.png,C:\Users\nicof\Desktop\proy_olga\Comparacion_de_metodos\MY31\selected_top100\masks\D02_day22_mask_class.png,2.487188258898748,train
MY31,299,D02_day23,C:\Users\nicof\Desktop\proy_olga\Comparacion_de_metodos\MY31\selected_top100\images\D02_day23.png,C:\Users\nicof\Desktop\proy_olga\Comparacion_de_metodos\MY31\selected_top100\masks\D02_day23_mask_class.png,1.3431757667028037,train
MY31,306,D03_day01,C:\Users\nicof\Desktop\proy_olga\Comparacion_de_metodos\MY31\selected_top100\images\D03_day01.png,C:\Users\nicof\Desktop\proy_olga\Comparacion_de_metodos\MY31\selected_top100\masks\D03_day01_mask_class.png,2.4896800224217213,train
MY31,309,D03_day04,C:\Users\nicof\Desktop\proy_olga\Comparacion_de_metodos\MY31\selected_top100\images\D03_day04.png,C:\Users\nicof\Desktop\proy_olga\Comparacion_de_metodos\MY31\selected_top100\masks\D03_day04_mask_class.png,2.160956339371947,train
MY31,310,D03_day05,C:\Users\nicof\Desktop\proy_olga\Comparacion_de_metodos\MY31\selected_top100\images\D03_day05.png,C:\Users\nicof\Desktop\proy_olga\Comparacion_de_metodos\MY31\selected_top100\masks\D03_day05_mask_class.png,2.377575532951722,train
MY31,312,D03_day32,C:\Users\nicof\Desktop\proy_olga\Comparacion_de_metodos\MY31\selected_top100\images\D03_day32.png,C:\Users\nicof\Desktop\proy_olga\Comparacion_de_metodos\MY31\selected_top100\masks\D03_day32_mask_class.png,0.6249378666363542,train
MY31,313,D03_day33,C:\Users\nicof\Desktop\proy_olga\Comparacion_de_metodos\MY31\selected_top100\images\D03_day33.png,C:\Users\nicof\Desktop\proy_olga\Comparacion_de_metodos\MY31\selected_top100\masks\D03_day33_mask_class.png,0.7392142524762348,train
MY31,317,D04_day04,C:\Users\nicof\Desktop\proy_olga\Comparacion_de_metodos\MY31\selected_top100\images\D04_day04.png,C:\Users\nicof\Desktop\proy_olga\Comparacion_de_metodos\MY31\selected_top100\masks\D04_day04_mask_class.png,0.9478829250911992,train
MY31,324,D04_day11,C:\Users\nicof\Desktop\proy_olga\Comparacion_de_metodos\MY31\selected_top100\images\D04_day11.png,C:\Users\nicof\Desktop\proy_olga\Comparacion_de_metodos\MY31\selected_top100\masks\D04_day11_mask_class.png,2.868811081153785,train
MY31,329,D04_day16,C:\Users\nicof\Desktop\proy_olga\Comparacion_de_metodos\MY31\selected_top100\images\D04_day16.png,C:\Users\nicof\Desktop\proy_olga\Comparacion_de_metodos\MY31\selected_top100\masks\D04_day16_mask_class.png,4.946705987580248,train
MY31,332,D04_day19,C:\Users\nicof\Desktop\proy_olga\Comparacion_de_metodos\MY31\selected_top100\images\D04_day19.png,C:\Users\nicof\Desktop\proy_olga\Comparacion_de_metodos\MY31\selected_top100\masks\D04_day19_mask_class.png,6.3757145230721735,train
MY31,333,D04_day20,C:\Users\nicof\Desktop\proy_olga\Comparacion_de_metodos\MY31\selected_top100\images\D04_day20.png,C:\Users\nicof\Desktop\proy_olga\Comparacion_de_metodos\MY31\selected_top100\masks\D04_day20_mask_class.png,5.542128762326188,train
MY31,334,D04_day21,C:\Users\nicof\Desktop\proy_olga\Comparacion_de_metodos\MY31\selected_top100\images\D04_day21.png,C:\Users\nicof\Desktop\proy_olga\Comparacion_de_metodos\MY31\selected_top100\masks\D04_day21_mask_class.png,3.962727378459913,train
MY31,335,D04_day22,C:\Users\nicof\Desktop\proy_olga\Comparacion_de_metodos\MY31\selected_top100\images\D04_day22.png,C:\Users\nicof\Desktop\proy_olga\Comparacion_de_metodos\MY31\selected_top100\masks\D04_day22_mask_class.png,4.328426844491822,train
MY31,337,D04_day24,C:\Users\nicof\Desktop\proy_olga\Comparacion_de_metodos\MY31\selected_top100\images\D04_day24.png,C:\Users\nicof\Desktop\proy_olga\Comparacion_de_metodos\MY31\selected_top100\masks\D04_day24_mask_class.png,9.292488429975045,train
MY31,338,D04_day25,C:\Users\nicof\Desktop\proy_olga\Comparacion_de_metodos\MY31\selected_top100\images\D04_day25.png,C:\Users\nicof\Desktop\proy_olga\Comparacion_de_metodos\MY31\selected_top100\masks\D04_day25_mask_class.png,6.18151783892822,train
MY31,340,D04_day27,C:\Users\nicof\Desktop\proy_olga\Comparacion_de_metodos\MY31\selected_top100\images\D04_day27.png,C:\Users\nicof\Desktop\proy_olga\Comparacion_de_metodos\MY31\selected_top100\masks\D04_day27_mask_class.png,5.3495220307284335,train
MY31,341,D04_day28,C:\Users\nicof\Desktop\proy_olga\Comparacion_de_metodos\MY31\selected_top100\images\D04_day28.png,C:\Users\nicof\Desktop\proy_olga\Comparacion_de_metodos\MY31\selected_top100\masks\D04_day28_mask_class.png,6.322226775525644,train
MY31,342,D04_day29,C:\Users\nicof\Desktop\proy_olga\Comparacion_de_metodos\MY31\selected_top100\images\D04_day29.png,C:\Users\nicof\Desktop\proy_olga\Comparacion_de_metodos\MY31\selected_top100\masks\D04_day29_mask_class.png,5.414995668879981,train
MY31,358,D05_day13,C:\Users\nicof\Desktop\proy_olga\Comparacion_de_metodos\MY31\selected_top100\images\D05_day13.png,C:\Users\nicof\Desktop\proy_olga\Comparacion_de_metodos\MY31\selected_top100\masks\D05_day13_mask_class.png,0.9556644003683712,train
MY31,359,D05_day14,C:\Users\nicof\Desktop\proy_olga\Comparacion_de_metodos\MY31\selected_top100\images\D05_day14.png,C:\Users\nicof\Desktop\proy_olga\Comparacion_de_metodos\MY31\selected_top100\masks\D05_day14_mask_class.png,1.3193306984211617,train
MY31,365,D05_day24,C:\Users\nicof\Desktop\proy_olga\Comparacion_de_metodos\MY31\selected_top100\images\D05_day24.png,C:\Users\nicof\Desktop\proy_olga\Comparacion_de_metodos\MY31\selected_top100\masks\D05_day24_mask_class.png,0.7781160991232677,train
MY31,374,D05_day33,C:\Users\nicof\Desktop\proy_olga\Comparacion_de_metodos\MY31\selected_top100\images\D05_day33.png,C:\Users\nicof\Desktop\proy_olga\Comparacion_de_metodos\MY31\selected_top100\masks\D05_day33_mask_class.png,2.591796660123442,train
MY31,378,D06_day04,C:\Users\nicof\Desktop\proy_olga\Comparacion_de_metodos\MY31\selected_top100\images\D06_day04.png,C:\Users\nicof\Desktop\proy_olga\Comparacion_de_metodos\MY31\selected_top100\masks\D06_day04_mask_class.png,3.269626200221912,train
MY31,385,D06_day11,C:\Users\nicof\Desktop\proy_olga\Comparacion_de_metodos\MY31\selected_top100\images\D06_day11.png,C:\Users\nicof\Desktop\proy_olga\Comparacion_de_metodos\MY31\selected_top100\masks\D06_day11_mask_class.png,0.8609214592563736,train
MY31,386,D06_day12,C:\Users\nicof\Desktop\proy_olga\Comparacion_de_metodos\MY31\selected_top100\images\D06_day12.png,C:\Users\nicof\Desktop\proy_olga\Comparacion_de_metodos\MY31\selected_top100\masks\D06_day12_mask_class.png,1.356559549370682,train
MY31,402,D06_day28,C:\Users\nicof\Desktop\proy_olga\Comparacion_de_metodos\MY31\selected_top100\images\D06_day28.png,C:\Users\nicof\Desktop\proy_olga\Comparacion_de_metodos\MY31\selected_top100\masks\D06_day28_mask_class.png,7.686960476936302,train
MY31,404,D06_day30,C:\Users\nicof\Desktop\proy_olga\Comparacion_de_metodos\MY31\selected_top100\images\D06_day30.png,C:\Users\nicof\Desktop\proy_olga\Comparacion_de_metodos\MY31\selected_top100\masks\D06_day30_mask_class.png,5.799344135971384,train
MY31,406,D06_day32,C:\Users\nicof\Desktop\proy_olga\Comparacion_de_metodos\MY31\selected_top100\images\D06_day32.png,C:\Users\nicof\Desktop\proy_olga\Comparacion_de_metodos\MY31\selected_top100\masks\D06_day32_mask_class.png,3.311043280650128,train
MY31,407,D07_day01,C:\Users\nicof\Desktop\proy_olga\Comparacion_de_metodos\MY31\selected_top100\images\D07_day01.png,C:\Users\nicof\Desktop\proy_olga\Comparacion_de_metodos\MY31\selected_top100\masks\D07_day01_mask_class.png,2.988498318277064,train
MY31,427,D07_day21,C:\Users\nicof\Desktop\proy_olga\Comparacion_de_metodos\MY31\selected_top100\images\D07_day21.png,C:\Users\nicof\Desktop\proy_olga\Comparacion_de_metodos\MY31\selected_top100\masks\D07_day21_mask_class.png,4.671114677914472,train
MY31,428,D07_day22,C:\Users\nicof\Desktop\proy_olga\Comparacion_de_metodos\MY31\selected_top100\images\D07_day22.png,C:\Users\nicof\Desktop\proy_olga\Comparacion_de_metodos\MY31\selected_top100\masks\D07_day22_mask_class.png,3.48501563602327,train
MY31,429,D07_day23,C:\Users\nicof\Desktop\proy_olga\Comparacion_de_metodos\MY31\selected_top100\images\D07_day23.png,C:\Users\nicof\Desktop\proy_olga\Comparacion_de_metodos\MY31\selected_top100\masks\D07_day23_mask_class.png,5.229822804360482,train
MY31,437,D08_day06,C:\Users\nicof\Desktop\proy_olga\Comparacion_de_metodos\MY31\selected_top100\images\D08_day06.png,C:\Users\nicof\Desktop\proy_olga\Comparacion_de_metodos\MY31\selected_top100\masks\D08_day06_mask_class.png,1.192093888522923,train
MY31,458,D08_day27,C:\Users\nicof\Desktop\proy_olga\Comparacion_de_metodos\MY31\selected_top100\images\D08_day27.png,C:\Users\nicof\Desktop\proy_olga\Comparacion_de_metodos\MY31\selected_top100\masks\D08_day27_mask_class.png,1.2108015504015397,train
MY31,459,D08_day28,C:\Users\nicof\Desktop\proy_olga\Comparacion_de_metodos\MY31\selected_top100\images\D08_day28.png,C:\Users\nicof\Desktop\proy_olga\Comparacion_de_metodos\MY31\selected_top100\masks\D08_day28_mask_class.png,1.0780960615676152,train
MY31,460,D08_day29,C:\Users\nicof\Desktop\proy_olga\Comparacion_de_metodos\MY31\selected_top100\images\D08_day29.png,C:\Users\nicof\Desktop\proy_olga\Comparacion_de_metodos\MY31\selected_top100\masks\D08_day29_mask_class.png,1.3111684420772305,train
MY31,461,D08_day30,C:\Users\nicof\Desktop\proy_olga\Comparacion_de_metodos\MY31\selected_top100\images\D08_day30.png,C:\Users\nicof\Desktop\proy_olga\Comparacion_de_metodos\MY31\selected_top100\masks\D08_day30_mask_class.png,0.8259625876967798,train
MY31,462,D08_day31,C:\Users\nicof\Desktop\proy_olga\Comparacion_de_metodos\MY31\selected_top100\images\D08_day31.png,C:\Users\nicof\Desktop\proy_olga\Comparacion_de_metodos\MY31\selected_top100\masks\D08_day31_mask_class.png,0.7048949171758314,train
MY31,469,D09_day05,C:\Users\nicof\Desktop\proy_olga\Comparacion_de_metodos\MY31\selected_top100\images\D09_day05.png,C:\Users\nicof\Desktop\proy_olga\Comparacion_de_metodos\MY31\selected_top100\masks\D09_day05_mask_class.png,0.6738611865957429,train
MY31,509,D11_day12,C:\Users\nicof\Desktop\proy_olga\Comparacion_de_metodos\MY31\selected_top100\images\D11_day12.png,C:\Users\nicof\Desktop\proy_olga\Comparacion_de_metodos\MY31\selected_top100\masks\D11_day12_mask_class.png,0.675159540692756,train
MY31,510,D11_day13,C:\Users\nicof\Desktop\proy_olga\Comparacion_de_metodos\MY31\selected_top100\images\D11_day13.png,C:\Users\nicof\Desktop\proy_olga\Comparacion_de_metodos\MY31\selected_top100\masks\D11_day13_mask_class.png,1.979228462093868,train
MY31,511,D11_day14,C:\Users\nicof\Desktop\proy_olga\Comparacion_de_metodos\MY31\selected_top100\images\D11_day14.png,C:\Users\nicof\Desktop\proy_olga\Comparacion_de_metodos\MY31\selected_top100\masks\D11_day14_mask_class.png,2.35304754754044,val
MY31,512,D11_day15,C:\Users\nicof\Desktop\proy_olga\Comparacion_de_metodos\MY31\selected_top100\images\D11_day15.png,C:\Users\nicof\Desktop\proy_olga\Comparacion_de_metodos\MY31\selected_top100\masks\D11_day15_mask_class.png,5.0847274980468224,val
MY31,515,D11_day18,C:\Users\nicof\Desktop\proy_olga\Comparacion_de_metodos\MY31\selected_top100\images\D11_day18.png,C:\Users\nicof\Desktop\proy_olga\Comparacion_de_metodos\MY31\selected_top100\masks\D11_day18_mask_class.png,1.3546082903911634,val
MY31,516,D11_day19,C:\Users\nicof\Desktop\proy_olga\Comparacion_de_metodos\MY31\selected_top100\images\D11_day19.png,C:\Users\nicof\Desktop\proy_olga\Comparacion_de_metodos\MY31\selected_top100\masks\D11_day19_mask_class.png,3.1738832459007766,val
MY31,517,D11_day20,C:\Users\nicof\Desktop\proy_olga\Comparacion_de_metodos\MY31\selected_top100\images\D11_day20.png,C:\Users\nicof\Desktop\proy_olga\Comparacion_de_metodos\MY31\selected_top100\masks\D11_day20_mask_class.png,1.222140684968968,val
MY31,518,D11_day21,C:\Users\nicof\Desktop\proy_olga\Comparacion_de_metodos\MY31\selected_top100\images\D11_day21.png,C:\Users\nicof\Desktop\proy_olga\Comparacion_de_metodos\MY31\selected_top100\masks\D11_day21_mask_class.png,1.2618567650252994,val
MY31,525,D11_day28,C:\Users\nicof\Desktop\proy_olga\Comparacion_de_metodos\MY31\selected_top100\images\D11_day28.png,C:\Users\nicof\Desktop\proy_olga\Comparacion_de_metodos\MY31\selected_top100\masks\D11_day28_mask_class.png,8.36366424855569,val
MY31,527,D11_day30,C:\Users\nicof\Desktop\proy_olga\Comparacion_de_metodos\MY31\selected_top100\images\D11_day30.png,C:\Users\nicof\Desktop\proy_olga\Comparacion_de_metodos\MY31\selected_top100\masks\D11_day30_mask_class.png,6.712170213794735,val
MY31,528,D11_day31,C:\Users\nicof\Desktop\proy_olga\Comparacion_de_metodos\MY31\selected_top100\images\D11_day31.png,C:\Users\nicof\Desktop\proy_olga\Comparacion_de_metodos\MY31\selected_top100\masks\D11_day31_mask_class.png,6.422123015344131,val
MY31,535,D12_day08,C:\Users\nicof\Desktop\proy_olga\Comparacion_de_metodos\MY31\selected_top100\images\D12_day08.png,C:\Users\nicof\Desktop\proy_olga\Comparacion_de_metodos\MY31\selected_top100\masks\D12_day08_mask_class.png,11.750281562881908,val
MY31,539,D12_day12,C:\Users\nicof\Desktop\proy_olga\Comparacion_de_metodos\MY31\selected_top100\images\D12_day12.png,C:\Users\nicof\Desktop\proy_olga\Comparacion_de_metodos\MY31\selected_top100\masks\D12_day12_mask_class.png,14.753759385595558,val
MY31,543,D12_day16,C:\Users\nicof\Desktop\proy_olga\Comparacion_de_metodos\MY31\selected_top100\images\D12_day16.png,C:\Users\nicof\Desktop\proy_olga\Comparacion_de_metodos\MY31\selected_top100\masks\D12_day16_mask_class.png,8.698164884184402,val
MY31,545,D12_day18,C:\Users\nicof\Desktop\proy_olga\Comparacion_de_metodos\MY31\selected_top100\images\D12_day18.png,C:\Users\nicof\Desktop\proy_olga\Comparacion_de_metodos\MY31\selected_top100\masks\D12_day18_mask_class.png,7.299214491615281,val
MY31,548,D12_day21,C:\Users\nicof\Desktop\proy_olga\Comparacion_de_metodos\MY31\selected_top100\images\D12_day21.png,C:\Users\nicof\Desktop\proy_olga\Comparacion_de_metodos\MY31\selected_top100\masks\D12_day21_mask_class.png,2.1768824684641883,val
MY31,558,D12_day33,C:\Users\nicof\Desktop\proy_olga\Comparacion_de_metodos\MY31\selected_top100\images\D12_day33.png,C:\Users\nicof\Desktop\proy_olga\Comparacion_de_metodos\MY31\selected_top100\masks\D12_day33_mask_class.png,0.9291910629889746,val
MY31,559,D13_day01,C:\Users\nicof\Desktop\proy_olga\Comparacion_de_metodos\MY31\selected_top100\images\D13_day01.png,C:\Users\nicof\Desktop\proy_olga\Comparacion_de_metodos\MY31\selected_top100\masks\D13_day01_mask_class.png,2.1987151733579844,test
MY31,569,D13_day11,C:\Users\nicof\Desktop\proy_olga\Comparacion_de_metodos\MY31\selected_top100\images\D13_day11.png,C:\Users\nicof\Desktop\proy_olga\Comparacion_de_metodos\MY31\selected_top100\masks\D13_day11_mask_class.png,1.336550389633935,test
MY31,570,D13_day12,C:\Users\nicof\Desktop\proy_olga\Comparacion_de_metodos\MY31\selected_top100\images\D13_day12.png,C:\Users\nicof\Desktop\proy_olga\Comparacion_de_metodos\MY31\selected_top100\masks\D13_day12_mask_class.png,1.8549749400984048,test
MY31,572,D13_day14,C:\Users\nicof\Desktop\proy_olga\Comparacion_de_metodos\MY31\selected_top100\images\D13_day14.png,C:\Users\nicof\Desktop\proy_olga\Comparacion_de_metodos\MY31\selected_top100\masks\D13_day14_mask_class.png,0.6783468219023354,test
MY31,581,D13_day23,C:\Users\nicof\Desktop\proy_olga\Comparacion_de_metodos\MY31\selected_top100\images\D13_day23.png,C:\Users\nicof\Desktop\proy_olga\Comparacion_de_metodos\MY31\selected_top100\masks\D13_day23_mask_class.png,1.1980726304083922,test
MY31,588,D13_day30,C:\Users\nicof\Desktop\proy_olga\Comparacion_de_metodos\MY31\selected_top100\images\D13_day30.png,C:\Users\nicof\Desktop\proy_olga\Comparacion_de_metodos\MY31\selected_top100\masks\D13_day30_mask_class.png,1.2212300519309531,test
MY31,590,D13_day32,C:\Users\nicof\Desktop\proy_olga\Comparacion_de_metodos\MY31\selected_top100\images\D13_day32.png,C:\Users\nicof\Desktop\proy_olga\Comparacion_de_metodos\MY31\selected_top100\masks\D13_day32_mask_class.png,1.7112031107914798,test
MY31,597,D14_day07,C:\Users\nicof\Desktop\proy_olga\Comparacion_de_metodos\MY31\selected_top100\images\D14_day07.png,C:\Users\nicof\Desktop\proy_olga\Comparacion_de_metodos\MY31\selected_top100\masks\D14_day07_mask_class.png,0.7478599853700313,test
MY31,598,D14_day08,C:\Users\nicof\Desktop\proy_olga\Comparacion_de_metodos\MY31\selected_top100\images\D14_day08.png,C:\Users\nicof\Desktop\proy_olga\Comparacion_de_metodos\MY31\selected_top100\masks\D14_day08_mask_class.png,1.4674738420740807,test
MY31,600,D14_day10,C:\Users\nicof\Desktop\proy_olga\Comparacion_de_metodos\MY31\selected_top100\images\D14_day10.png,C:\Users\nicof\Desktop\proy_olga\Comparacion_de_metodos\MY31\selected_top100\masks\D14_day10_mask_class.png,1.990139034034448,test
MY31,601,D14_day11,C:\Users\nicof\Desktop\proy_olga\Comparacion_de_metodos\MY31\selected_top100\images\D14_day11.png,C:\Users\nicof\Desktop\proy_olga\Comparacion_de_metodos\MY31\selected_top100\masks\D14_day11_mask_class.png,1.154047142520396,test
MY31,608,D14_day18,C:\Users\nicof\Desktop\proy_olga\Comparacion_de_metodos\MY31\selected_top100\images\D14_day18.png,C:\Users\nicof\Desktop\proy_olga\Comparacion_de_metodos\MY31\selected_top100\masks\D14_day18_mask_class.png,9.700444521651187,test
MY31,609,D14_day19,C:\Users\nicof\Desktop\proy_olga\Comparacion_de_metodos\MY31\selected_top100\images\D14_day19.png,C:\Users\nicof\Desktop\proy_olga\Comparacion_de_metodos\MY31\selected_top100\masks\D14_day19_mask_class.png,6.270978312451722,test
MY31,621,D14_day32,C:\Users\nicof\Desktop\proy_olga\Comparacion_de_metodos\MY31\selected_top100\images\D14_day32.png,C:\Users\nicof\Desktop\proy_olga\Comparacion_de_metodos\MY31\selected_top100\masks\D14_day32_mask_class.png,1.2465783737962743,test
MY31,622,D14_day33,C:\Users\nicof\Desktop\proy_olga\Comparacion_de_metodos\MY31\selected_top100\images\D14_day33.png,C:\Users\nicof\Desktop\proy_olga\Comparacion_de_metodos\MY31\selected_top100\masks\D14_day33_mask_class.png,1.9868611765613808,test
MY32,2,D15_day03,C:\Users\nicof\Desktop\proy_olga\Comparacion_de_metodos\MY32\selected_top100\images\D15_day03.png,C:\Users\nicof\Desktop\proy_olga\Comparacion_de_metodos\MY32\selected_top100\masks\D15_day03_mask_class.png,1.741971559577781,train
MY32,3,D15_day04,C:\Users\nicof\Desktop\proy_olga\Comparacion_de_metodos\MY32\selected_top100\images\D15_day04.png,C:\Users\nicof\Desktop\proy_olga\Comparacion_de_metodos\MY32\selected_top100\masks\D15_day04_mask_class.png,1.5218756110865248,train
MY32,4,D15_day05,C:\Users\nicof\Desktop\proy_olga\Comparacion_de_metodos\MY32\selected_top100\images\D15_day05.png,C:\Users\nicof\Desktop\proy_olga\Comparacion_de_metodos\MY32\selected_top100\masks\D15_day05_mask_class.png,1.2854557144893115,train
MY32,5,D15_day06,C:\Users\nicof\Desktop\proy_olga\Comparacion_de_metodos\MY32\selected_top100\images\D15_day06.png,C:\Users\nicof\Desktop\proy_olga\Comparacion_de_metodos\MY32\selected_top100\masks\D15_day06_mask_class.png,0.945513425895718,train
MY32,7,D15_day08,C:\Users\nicof\Desktop\proy_olga\Comparacion_de_metodos\MY32\selected_top100\images\D15_day08.png,C:\Users\nicof\Desktop\proy_olga\Comparacion_de_metodos\MY32\selected_top100\masks\D15_day08_mask_class.png,0.9333826040418972,train
MY32,8,D15_day09,C:\Users\nicof\Desktop\proy_olga\Comparacion_de_metodos\MY32\selected_top100\images\D15_day09.png,C:\Users\nicof\Desktop\proy_olga\Comparacion_de_metodos\MY32\selected_top100\masks\D15_day09_mask_class.png,0.9187358126237664,train
MY32,9,D15_day10,C:\Users\nicof\Desktop\proy_olga\Comparacion_de_metodos\MY32\selected_top100\images\D15_day10.png,C:\Users\nicof\Desktop\proy_olga\Comparacion_de_metodos\MY32\selected_top100\masks\D15_day10_mask_class.png,1.8621299934043856,train
MY32,10,D15_day11,C:\Users\nicof\Desktop\proy_olga\Comparacion_de_metodos\MY32\selected_top100\images\D15_day11.png,C:\Users\nicof\Desktop\proy_olga\Comparacion_de_metodos\MY32\selected_top100\masks\D15_day11_mask_class.png,1.7948733335676548,train
MY32,11,D15_day12,C:\Users\nicof\Desktop\proy_olga\Comparacion_de_metodos\MY32\selected_top100\images\D15_day12.png,C:\Users\nicof\Desktop\proy_olga\Comparacion_de_metodos\MY32\selected_top100\masks\D15_day12_mask_class.png,0.0892041787232773,train
MY32,13,D15_day15,C:\Users\nicof\Desktop\proy_olga\Comparacion_de_metodos\MY32\selected_top100\images\D15_day15.png,C:\Users\nicof\Desktop\proy_olga\Comparacion_de_metodos\MY32\selected_top100\masks\D15_day15_mask_class.png,0.8434717922875723,train
MY32,14,D15_day16,C:\Users\nicof\Desktop\proy_olga\Comparacion_de_metodos\MY32\selected_top100\images\D15_day16.png,C:\Users\nicof\Desktop\proy_olga\Comparacion_de_metodos\MY32\selected_top100\masks\D15_day16_mask_class.png,0.5496774531588356,train
MY32,15,D15_day17,C:\Users\nicof\Desktop\proy_olga\Comparacion_de_metodos\MY32\selected_top100\images\D15_day17.png,C:\Users\nicof\Desktop\proy_olga\Comparacion_de_metodos\MY32\selected_top100\masks\D15_day17_mask_class.png,0.4156839056795708,train
MY32,16,D15_day18,C:\Users\nicof\Desktop\proy_olga\Comparacion_de_metodos\MY32\selected_top100\images\D15_day18.png,C:\Users\nicof\Desktop\proy_olga\Comparacion_de_metodos\MY32\selected_top100\masks\D15_day18_mask_class.png,1.7293565750418274,train
MY32,28,D15_day30,C:\Users\nicof\Desktop\proy_olga\Comparacion_de_metodos\MY32\selected_top100\images\D15_day30.png,C:\Users\nicof\Desktop\proy_olga\Comparacion_de_metodos\MY32\selected_top100\masks\D15_day30_mask_class.png,1.4855164959882123,train
MY32,29,D15_day31,C:\Users\nicof\Desktop\proy_olga\Comparacion_de_metodos\MY32\selected_top100\images\D15_day31.png,C:\Users\nicof\Desktop\proy_olga\Comparacion_de_metodos\MY32\selected_top100\masks\D15_day31_mask_class.png,1.007734077953325,train
MY32,30,D15_day32,C:\Users\nicof\Desktop\proy_olga\Comparacion_de_metodos\MY32\selected_top100\images\D15_day32.png,C:\Users\nicof\Desktop\proy_olga\Comparacion_de_metodos\MY32\selected_top100\masks\D15_day32_mask_class.png,2.2395868056166,train
MY32,31,D15_day33,C:\Users\nicof\Desktop\proy_olga\Comparacion_de_metodos\MY32\selected_top100\images\D15_day33.png,C:\Users\nicof\Desktop\proy_olga\Comparacion_de_metodos\MY32\selected_top100\masks\D15_day33_mask_class.png,2.2904774141025377,train
MY32,33,D16_day02,C:\Users\nicof\Desktop\proy_olga\Comparacion_de_metodos\MY32\selected_top100\images\D16_day02.png,C:\Users\nicof\Desktop\proy_olga\Comparacion_de_metodos\MY32\selected_top100\masks\D16_day02_mask_class.png,0.313095812748951,train
MY32,34,D16_day03,C:\Users\nicof\Desktop\proy_olga\Comparacion_de_metodos\MY32\selected_top100\images\D16_day03.png,C:\Users\nicof\Desktop\proy_olga\Comparacion_de_metodos\MY32\selected_top100\masks\D16_day03_mask_class.png,0.650315461959821,train
MY32,41,D16_day10,C:\Users\nicof\Desktop\proy_olga\Comparacion_de_metodos\MY32\selected_top100\images\D16_day10.png,C:\Users\nicof\Desktop\proy_olga\Comparacion_de_metodos\MY32\selected_top100\masks\D16_day10_mask_class.png,0.7215117795312207,train
MY32,43,D16_day12,C:\Users\nicof\Desktop\proy_olga\Comparacion_de_metodos\MY32\selected_top100\images\D16_day12.png,C:\Users\nicof\Desktop\proy_olga\Comparacion_de_metodos\MY32\selected_top100\masks\D16_day12_mask_class.png,0.2928088666831312,train
MY32,65,D17_day02,C:\Users\nicof\Desktop\proy_olga\Comparacion_de_metodos\MY32\selected_top100\images\D17_day02.png,C:\Users\nicof\Desktop\proy_olga\Comparacion_de_metodos\MY32\selected_top100\masks\D17_day02_mask_class.png,1.5470088660311248,train
MY32,66,D17_day03,C:\Users\nicof\Desktop\proy_olga\Comparacion_de_metodos\MY32\selected_top100\images\D17_day03.png,C:\Users\nicof\Desktop\proy_olga\Comparacion_de_metodos\MY32\selected_top100\masks\D17_day03_mask_class.png,1.2290813863099277,train
MY32,68,D17_day05,C:\Users\nicof\Desktop\proy_olga\Comparacion_de_metodos\MY32\selected_top100\images\D17_day05.png,C:\Users\nicof\Desktop\proy_olga\Comparacion_de_metodos\MY32\selected_top100\masks\D17_day05_mask_class.png,1.5561785459682982,train
MY32,72,D17_day09,C:\Users\nicof\Desktop\proy_olga\Comparacion_de_metodos\MY32\selected_top100\images\D17_day09.png,C:\Users\nicof\Desktop\proy_olga\Comparacion_de_metodos\MY32\selected_top100\masks\D17_day09_mask_class.png,1.0517999651144885,train
MY32,73,D17_day10,C:\Users\nicof\Desktop\proy_olga\Comparacion_de_metodos\MY32\selected_top100\images\D17_day10.png,C:\Users\nicof\Desktop\proy_olga\Comparacion_de_metodos\MY32\selected_top100\masks\D17_day10_mask_class.png,1.82911830333054,train
MY32,75,D17_day12,C:\Users\nicof\Desktop\proy_olga\Comparacion_de_metodos\MY32\selected_top100\images\D17_day12.png,C:\Users\nicof\Desktop\proy_olga\Comparacion_de_metodos\MY32\selected_top100\masks\D17_day12_mask_class.png,1.1584706600634769,train
MY32,77,D17_day14,C:\Users\nicof\Desktop\proy_olga\Comparacion_de_metodos\MY32\selected_top100\images\D17_day14.png,C:\Users\nicof\Desktop\proy_olga\Comparacion_de_metodos\MY32\selected_top100\masks\D17_day14_mask_class.png,1.007580372662009,train
MY32,78,D17_day15,C:\Users\nicof\Desktop\proy_olga\Comparacion_de_metodos\MY32\selected_top100\images\D17_day15.png,C:\Users\nicof\Desktop\proy_olga\Comparacion_de_metodos\MY32\selected_top100\masks\D17_day15_mask_class.png,0.942127702356112,train
MY32,79,D17_day16,C:\Users\nicof\Desktop\proy_olga\Comparacion_de_metodos\MY32\selected_top100\images\D17_day16.png,C:\Users\nicof\Desktop\proy_olga\Comparacion_de_metodos\MY32\selected_top100\masks\D17_day16_mask_class.png,0.1615490611629715,train
MY32,82,D17_day19,C:\Users\nicof\Desktop\proy_olga\Comparacion_de_metodos\MY32\selected_top100\images\D17_day19.png,C:\Users\nicof\Desktop\proy_olga\Comparacion_de_metodos\MY32\selected_top100\masks\D17_day19_mask_class.png,3.609126289487073,train
MY32,89,D17_day26,C:\Users\nicof\Desktop\proy_olga\Comparacion_de_metodos\MY32\selected_top100\images\D17_day26.png,C:\Users\nicof\Desktop\proy_olga\Comparacion_de_metodos\MY32\selected_top100\masks\D17_day26_mask_class.png,3.265438761928131,train
MY32,90,D17_day27,C:\Users\nicof\Desktop\proy_olga\Comparacion_de_metodos\MY32\selected_top100\images\D17_day27.png,C:\Users\nicof\Desktop\proy_olga\Comparacion_de_metodos\MY32\selected_top100\masks\D17_day27_mask_class.png,2.545342950556793,train
MY32,93,D17_day30,C:\Users\nicof\Desktop\proy_olga\Comparacion_de_metodos\MY32\selected_top100\images\D17_day30.png,C:\Users\nicof\Desktop\proy_olga\Comparacion_de_metodos\MY32\selected_top100\masks\D17_day30_mask_class.png,1.4996150885296382,train
MY32,94,D17_day31,C:\Users\nicof\Desktop\proy_olga\Comparacion_de_metodos\MY32\selected_top100\images\D17_day31.png,C:\Users\nicof\Desktop\proy_olga\Comparacion_de_metodos\MY32\selected_top100\masks\D17_day31_mask_class.png,1.7297211520724605,train
MY32,95,D17_day32,C:\Users\nicof\Desktop\proy_olga\Comparacion_de_metodos\MY32\selected_top100\images\D17_day32.png,C:\Users\nicof\Desktop\proy_olga\Comparacion_de_metodos\MY32\selected_top100\masks\D17_day32_mask_class.png,1.7310683931992954,train
MY32,101,D18_day04,C:\Users\nicof\Desktop\proy_olga\Comparacion_de_metodos\MY32\selected_top100\images\D18_day04.png,C:\Users\nicof\Desktop\proy_olga\Comparacion_de_metodos\MY32\selected_top100\masks\D18_day04_mask_class.png,1.420618600217207,train
MY32,102,D18_day06,C:\Users\nicof\Desktop\proy_olga\Comparacion_de_metodos\MY32\selected_top100\images\D18_day06.png,C:\Users\nicof\Desktop\proy_olga\Comparacion_de_metodos\MY32\selected_top100\masks\D18_day06_mask_class.png,1.6675496676006285,train
MY32,106,D18_day10,C:\Users\nicof\Desktop\proy_olga\Comparacion_de_metodos\MY32\selected_top100\images\D18_day10.png,C:\Users\nicof\Desktop\proy_olga\Comparacion_de_metodos\MY32\selected_top100\masks\D18_day10_mask_class.png,2.547249176266078,train
MY32,107,D18_day11,C:\Users\nicof\Desktop\proy_olga\Comparacion_de_metodos\MY32\selected_top100\images\D18_day11.png,C:\Users\nicof\Desktop\proy_olga\Comparacion_de_metodos\MY32\selected_top100\masks\D18_day11_mask_class.png,0.1327120111867978,train
MY32,108,D18_day12,C:\Users\nicof\Desktop\proy_olga\Comparacion_de_metodos\MY32\selected_top100\images\D18_day12.png,C:\Users\nicof\Desktop\proy_olga\Comparacion_de_metodos\MY32\selected_top100\masks\D18_day12_mask_class.png,0.1944910938848012,train
MY32,109,D18_day13,C:\Users\nicof\Desktop\proy_olga\Comparacion_de_metodos\MY32\selected_top100\images\D18_day13.png,C:\Users\nicof\Desktop\proy_olga\Comparacion_de_metodos\MY32\selected_top100\masks\D18_day13_mask_class.png,0.2852905897665965,train
MY32,118,D18_day22,C:\Users\nicof\Desktop\proy_olga\Comparacion_de_metodos\MY32\selected_top100\images\D18_day22.png,C:\Users\nicof\Desktop\proy_olga\Comparacion_de_metodos\MY32\selected_top100\masks\D18_day22_mask_class.png,1.6148564525370106,train
MY32,148,D19_day24,C:\Users\nicof\Desktop\proy_olga\Comparacion_de_metodos\MY32\selected_top100\images\D19_day24.png,C:\Users\nicof\Desktop\proy_olga\Comparacion_de_metodos\MY32\selected_top100\masks\D19_day24_mask_class.png,0.5497385784495006,train
MY32,156,D20_day05,C:\Users\nicof\Desktop\proy_olga\Comparacion_de_metodos\MY32\selected_top100\images\D20_day05.png,C:\Users\nicof\Desktop\proy_olga\Comparacion_de_metodos\MY32\selected_top100\masks\D20_day05_mask_class.png,0.1193212625962739,train
MY32,162,D20_day11,C:\Users\nicof\Desktop\proy_olga\Comparacion_de_metodos\MY32\selected_top100\images\D20_day11.png,C:\Users\nicof\Desktop\proy_olga\Comparacion_de_metodos\MY32\selected_top100\masks\D20_day11_mask_class.png,0.0914916323523856,train
MY32,174,D20_day23,C:\Users\nicof\Desktop\proy_olga\Comparacion_de_metodos\MY32\selected_top100\images\D20_day23.png,C:\Users\nicof\Desktop\proy_olga\Comparacion_de_metodos\MY32\selected_top100\masks\D20_day23_mask_class.png,0.0547074364769183,train
MY32,175,D20_day24,C:\Users\nicof\Desktop\proy_olga\Comparacion_de_metodos\MY32\selected_top100\images\D20_day24.png,C:\Users\nicof\Desktop\proy_olga\Comparacion_de_metodos\MY32\selected_top100\masks\D20_day24_mask_class.png,1.1220729190631955,train
MY32,188,D21_day04,C:\Users\nicof\Desktop\proy_olga\Comparacion_de_metodos\MY32\selected_top100\images\D21_day04.png,C:\Users\nicof\Desktop\proy_olga\Comparacion_de_metodos\MY32\selected_top100\masks\D21_day04_mask_class.png,1.2799948462426105,train
MY32,208,D21_day24,C:\Users\nicof\Desktop\proy_olga\Comparacion_de_metodos\MY32\selected_top100\images\D21_day24.png,C:\Users\nicof\Desktop\proy_olga\Comparacion_de_metodos\MY32\selected_top100\masks\D21_day24_mask_class.png,0.0629733421711884,train
MY32,211,D21_day27,C:\Users\nicof\Desktop\proy_olga\Comparacion_de_metodos\MY32\selected_top100\images\D21_day27.png,C:\Users\nicof\Desktop\proy_olga\Comparacion_de_metodos\MY32\selected_top100\masks\D21_day27_mask_class.png,0.0852260052819565,train
MY32,213,D21_day29,C:\Users\nicof\Desktop\proy_olga\Comparacion_de_metodos\MY32\selected_top100\images\D21_day29.png,C:\Users\nicof\Desktop\proy_olga\Comparacion_de_metodos\MY32\selected_top100\masks\D21_day29_mask_class.png,0.0854850910446564,train
MY32,228,D22_day16,C:\Users\nicof\Desktop\proy_olga\Comparacion_de_metodos\MY32\selected_top100\images\D22_day16.png,C:\Users\nicof\Desktop\proy_olga\Comparacion_de_metodos\MY32\selected_top100\masks\D22_day16_mask_class.png,0.0606021469055649,train
MY32,234,D22_day26,C:\Users\nicof\Desktop\proy_olga\Comparacion_de_metodos\MY32\selected_top100\images\D22_day26.png,C:\Users\nicof\Desktop\proy_olga\Comparacion_de_metodos\MY32\selected_top100\masks\D22_day26_mask_class.png,0.0795249445837074,train
MY32,235,D22_day27,C:\Users\nicof\Desktop\proy_olga\Comparacion_de_metodos\MY32\selected_top100\images\D22_day27.png,C:\Users\nicof\Desktop\proy_olga\Comparacion_de_metodos\MY32\selected_top100\masks\D22_day27_mask_class.png,0.1102783379037773,train
MY32,236,D22_day28,C:\Users\nicof\Desktop\proy_olga\Comparacion_de_metodos\MY32\selected_top100\images\D22_day28.png,C:\Users\nicof\Desktop\proy_olga\Comparacion_de_metodos\MY32\selected_top100\masks\D22_day28_mask_class.png,0.1030722285046926,train
MY32,242,F01_day08,C:\Users\nicof\Desktop\proy_olga\Comparacion_de_metodos\MY32\selected_top100\images\F01_day08.png,C:\Users\nicof\Desktop\proy_olga\Comparacion_de_metodos\MY32\selected_top100\masks\F01_day08_mask_class.png,0.0658022115500482,train
MY32,243,F01_day09,C:\Users\nicof\Desktop\proy_olga\Comparacion_de_metodos\MY32\selected_top100\images\F01_day09.png,C:\Users\nicof\Desktop\proy_olga\Comparacion_de_metodos\MY32\selected_top100\masks\F01_day09_mask_class.png,0.0590954415273702,train
MY32,247,F01_day13,C:\Users\nicof\Desktop\proy_olga\Comparacion_de_metodos\MY32\selected_top100\images\F01_day13.png,C:\Users\nicof\Desktop\proy_olga\Comparacion_de_metodos\MY32\selected_top100\masks\F01_day13_mask_class.png,0.2376238131633077,train
MY32,248,F01_day14,C:\Users\nicof\Desktop\proy_olga\Comparacion_de_metodos\MY32\selected_top100\images\F01_day14.png,C:\Users\nicof\Desktop\proy_olga\Comparacion_de_metodos\MY32\selected_top100\masks\F01_day14_mask_class.png,0.4060355455358972,train
MY32,253,F01_day21,C:\Users\nicof\Desktop\proy_olga\Comparacion_de_metodos\MY32\selected_top100\images\F01_day21.png,C:\Users\nicof\Desktop\proy_olga\Comparacion_de_metodos\MY32\selected_top100\masks\F01_day21_mask_class.png,0.2998845889401827,train
MY32,255,F01_day23,C:\Users\nicof\Desktop\proy_olga\Comparacion_de_metodos\MY32\selected_top100\images\F01_day23.png,C:\Users\nicof\Desktop\proy_olga\Comparacion_de_metodos\MY32\selected_top100\masks\F01_day23_mask_class.png,0.0585144770894633,train
MY32,259,F01_day28,C:\Users\nicof\Desktop\proy_olga\Comparacion_de_metodos\MY32\selected_top100\images\F01_day28.png,C:\Users\nicof\Desktop\proy_olga\Comparacion_de_metodos\MY32\selected_top100\masks\F01_day28_mask_class.png,0.1976320660202747,train
MY32,264,F02_day02,C:\Users\nicof\Desktop\proy_olga\Comparacion_de_metodos\MY32\selected_top100\images\F02_day02.png,C:\Users\nicof\Desktop\proy_olga\Comparacion_de_metodos\MY32\selected_top100\masks\F02_day02_mask_class.png,0.902145907120952,train
MY32,265,F02_day03,C:\Users\nicof\Desktop\proy_olga\Comparacion_de_metodos\MY32\selected_top100\images\F02_day03.png,C:\Users\nicof\Desktop\proy_olga\Comparacion_de_metodos\MY32\selected_top100\masks\F02_day03_mask_class.png,1.4668608175237403,train
MY32,266,F02_day04,C:\Users\nicof\Desktop\proy_olga\Comparacion_de_metodos\MY32\selected_top100\images\F02_day04.png,C:\Users\nicof\Desktop\proy_olga\Comparacion_de_metodos\MY32\selected_top100\masks\F02_day04_mask_class.png,1.0286458247773471,train
MY32,268,F02_day06,C:\Users\nicof\Desktop\proy_olga\Comparacion_de_metodos\MY32\selected_top100\images\F02_day06.png,C:\Users\nicof\Desktop\proy_olga\Comparacion_de_metodos\MY32\selected_top100\masks\F02_day06_mask_class.png,0.6439089712659652,train
MY32,269,F02_day07,C:\Users\nicof\Desktop\proy_olga\Comparacion_de_metodos\MY32\selected_top100\images\F02_day07.png,C:\Users\nicof\Desktop\proy_olga\Comparacion_de_metodos\MY32\selected_top100\masks\F02_day07_mask_class.png,0.5827778360870213,train
MY32,270,F02_day08,C:\Users\nicof\Desktop\proy_olga\Comparacion_de_metodos\MY32\selected_top100\images\F02_day08.png,C:\Users\nicof\Desktop\proy_olga\Comparacion_de_metodos\MY32\selected_top100\masks\F02_day08_mask_class.png,0.3448992651045091,train
MY32,271,F02_day11,C:\Users\nicof\Desktop\proy_olga\Comparacion_de_metodos\MY32\selected_top100\images\F02_day11.png,C:\Users\nicof\Desktop\proy_olga\Comparacion_de_metodos\MY32\selected_top100\masks\F02_day11_mask_class.png,0.1673182299295807,train
MY32,272,F02_day12,C:\Users\nicof\Desktop\proy_olga\Comparacion_de_metodos\MY32\selected_top100\images\F02_day12.png,C:\Users\nicof\Desktop\proy_olga\Comparacion_de_metodos\MY32\selected_top100\masks\F02_day12_mask_class.png,0.2538604887824707,val
MY32,277,F02_day18,C:\Users\nicof\Desktop\proy_olga\Comparacion_de_metodos\MY32\selected_top100\images\F02_day18.png,C:\Users\nicof\Desktop\proy_olga\Comparacion_de_metodos\MY32\selected_top100\masks\F02_day18_mask_class.png,0.2670742688192646,val
MY32,278,F02_day19,C:\Users\nicof\Desktop\proy_olga\Comparacion_de_metodos\MY32\selected_top100\images\F02_day19.png,C:\Users\nicof\Desktop\proy_olga\Comparacion_de_metodos\MY32\selected_top100\masks\F02_day19_mask_class.png,0.4415169320290012,val
MY32,280,F02_day21,C:\Users\nicof\Desktop\proy_olga\Comparacion_de_metodos\MY32\selected_top100\images\F02_day21.png,C:\Users\nicof\Desktop\proy_olga\Comparacion_de_metodos\MY32\selected_top100\masks\F02_day21_mask_class.png,0.9061120433251476,val
MY32,281,F02_day22,C:\Users\nicof\Desktop\proy_olga\Comparacion_de_metodos\MY32\selected_top100\images\F02_day22.png,C:\Users\nicof\Desktop\proy_olga\Comparacion_de_metodos\MY32\selected_top100\masks\F02_day22_mask_class.png,0.4110887315246576,val
MY32,284,F02_day25,C:\Users\nicof\Desktop\proy_olga\Comparacion_de_metodos\MY32\selected_top100\images\F02_day25.png,C:\Users\nicof\Desktop\proy_olga\Comparacion_de_metodos\MY32\selected_top100\masks\F02_day25_mask_class.png,0.1487786155112444,val
MY32,290,F02_day31,C:\Users\nicof\Desktop\proy_olga\Comparacion_de_metodos\MY32\selected_top100\images\F02_day31.png,C:\Users\nicof\Desktop\proy_olga\Comparacion_de_metodos\MY32\selected_top100\masks\F02_day31_mask_class.png,2.065129725856021,val
MY32,293,F03_day01,C:\Users\nicof\Desktop\proy_olga\Comparacion_de_metodos\MY32\selected_top100\images\F03_day01.png,C:\Users\nicof\Desktop\proy_olga\Comparacion_de_metodos\MY32\selected_top100\masks\F03_day01_mask_class.png,1.358998295378961,val
MY32,304,F03_day12,C:\Users\nicof\Desktop\proy_olga\Comparacion_de_metodos\MY32\selected_top100\images\F03_day12.png,C:\Users\nicof\Desktop\proy_olga\Comparacion_de_metodos\MY32\selected_top100\masks\F03_day12_mask_class.png,0.2405697040036646,val
MY32,305,F03_day13,C:\Users\nicof\Desktop\proy_olga\Comparacion_de_metodos\MY32\selected_top100\images\F03_day13.png,C:\Users\nicof\Desktop\proy_olga\Comparacion_de_metodos\MY32\selected_top100\masks\F03_day13_mask_class.png,1.078485959472106,val
MY32,306,F03_day14,C:\Users\nicof\Desktop\proy_olga\Comparacion_de_metodos\MY32\selected_top100\images\F03_day14.png,C:\Users\nicof\Desktop\proy_olga\Comparacion_de_metodos\MY32\selected_top100\masks\F03_day14_mask_class.png,0.7836595562961,val
MY32,307,F03_day15,C:\Users\nicof\Desktop\proy_olga\Comparacion_de_metodos\MY32\selected_top100\images\F03_day15.png,C:\Users\nicof\Desktop\proy_olga\Comparacion_de_metodos\MY32\selected_top100\masks\F03_day15_mask_class.png,0.4951360412322029,val
MY32,310,F03_day18,C:\Users\nicof\Desktop\proy_olga\Comparacion_de_metodos\MY32\selected_top100\images\F03_day18.png,C:\Users\nicof\Desktop\proy_olga\Comparacion_de_metodos\MY32\selected_top100\masks\F03_day18_mask_class.png,0.7314170145342637,val
MY32,314,F03_day22,C:\Users\nicof\Desktop\proy_olga\Comparacion_de_metodos\MY32\selected_top100\images\F03_day22.png,C:\Users\nicof\Desktop\proy_olga\Comparacion_de_metodos\MY32\selected_top100\masks\F03_day22_mask_class.png,2.060134909132529,val
MY32,324,F03_day32,C:\Users\nicof\Desktop\proy_olga\Comparacion_de_metodos\MY32\selected_top100\images\F03_day32.png,C:\Users\nicof\Desktop\proy_olga\Comparacion_de_metodos\MY32\selected_top100\masks\F03_day32_mask_class.png,1.796788613027814,val
MY32,328,F04_day04,C:\Users\nicof\Desktop\proy_olga\Comparacion_de_metodos\MY32\selected_top100\images\F04_day04.png,C:\Users\nicof\Desktop\proy_olga\Comparacion_de_metodos\MY32\selected_top100\masks\F04_day04_mask_class.png,5.96548890413152,test
MY32,330,F04_day06,C:\Users\nicof\Desktop\proy_olga\Comparacion_de_metodos\MY32\selected_top100\images\F04_day06.png,C:\Users\nicof\Desktop\proy_olga\Comparacion_de_metodos\MY32\selected_top100\masks\F04_day06_mask_class.png,2.70649861476334,test
MY32,331,F04_day07,C:\Users\nicof\Desktop\proy_olga\Comparacion_de_metodos\MY32\selected_top100\images\F04_day07.png,C:\Users\nicof\Desktop\proy_olga\Comparacion_de_metodos\MY32\selected_top100\masks\F04_day07_mask_class.png,0.7367122998747374,test
MY32,332,F04_day08,C:\Users\nicof\Desktop\proy_olga\Comparacion_de_metodos\MY32\selected_top100\images\F04_day08.png,C:\Users\nicof\Desktop\proy_olga\Comparacion_de_metodos\MY32\selected_top100\masks\F04_day08_mask_class.png,0.7833186251431555,test
MY32,333,F04_day09,C:\Users\nicof\Desktop\proy_olga\Comparacion_de_metodos\MY32\selected_top100\images\F04_day09.png,C:\Users\nicof\Desktop\proy_olga\Comparacion_de_metodos\MY32\selected_top100\masks\F04_day09_mask_class.png,0.5245669389463988,test
MY32,334,F04_day10,C:\Users\nicof\Desktop\proy_olga\Comparacion_de_metodos\MY32\selected_top100\images\F04_day10.png,C:\Users\nicof\Desktop\proy_olga\Comparacion_de_metodos\MY32\selected_top100\masks\F04_day10_mask_class.png,1.167294982745586,test
MY32,335,F04_day11,C:\Users\nicof\Desktop\proy_olga\Comparacion_de_metodos\MY32\selected_top100\images\F04_day11.png,C:\Users\nicof\Desktop\proy_olga\Comparacion_de_metodos\MY32\selected_top100\masks\F04_day11_mask_class.png,1.1196013506486706,test
MY32,339,F04_day15,C:\Users\nicof\Desktop\proy_olga\Comparacion_de_metodos\MY32\selected_top100\images\F04_day15.png,C:\Users\nicof\Desktop\proy_olga\Comparacion_de_metodos\MY32\selected_top100\masks\F04_day15_mask_class.png,1.713620270176003,test
MY32,340,F04_day16,C:\Users\nicof\Desktop\proy_olga\Comparacion_de_metodos\MY32\selected_top100\images\F04_day16.png,C:\Users\nicof\Desktop\proy_olga\Comparacion_de_metodos\MY32\selected_top100\masks\F04_day16_mask_class.png,3.089758242904388,test
MY32,341,F04_day17,C:\Users\nicof\Desktop\proy_olga\Comparacion_de_metodos\MY32\selected_top100\images\F04_day17.png,C:\Users\nicof\Desktop\proy_olga\Comparacion_de_metodos\MY32\selected_top100\masks\F04_day17_mask_class.png,8.595368793988666,test
MY32,345,F04_day21,C:\Users\nicof\Desktop\proy_olga\Comparacion_de_metodos\MY32\selected_top100\images\F04_day21.png,C:\Users\nicof\Desktop\proy_olga\Comparacion_de_metodos\MY32\selected_top100\masks\F04_day21_mask_class.png,12.49893172380327,test
MY32,346,F04_day22,C:\Users\nicof\Desktop\proy_olga\Comparacion_de_metodos\MY32\selected_top100\images\F04_day22.png,C:\Users\nicof\Desktop\proy_olga\Comparacion_de_metodos\MY32\selected_top100\masks\F04_day22_mask_class.png,12.536613066320989,test
MY32,353,F04_day29,C:\Users\nicof\Desktop\proy_olga\Comparacion_de_metodos\MY32\selected_top100\images\F04_day29.png,C:\Users\nicof\Desktop\proy_olga\Comparacion_de_metodos\MY32\selected_top100\masks\F04_day29_mask_class.png,4.40253062278537,test
MY32,354,F04_day30,C:\Users\nicof\Desktop\proy_olga\Comparacion_de_metodos\MY32\selected_top100\images\F04_day30.png,C:\Users\nicof\Desktop\proy_olga\Comparacion_de_metodos\MY32\selected_top100\masks\F04_day30_mask_class.png,7.876219995198369,test
MY32,357,F04_day33,C:\Users\nicof\Desktop\proy_olga\Comparacion_de_metodos\MY32\selected_top100\images\F04_day33.png,C:\Users\nicof\Desktop\proy_olga\Comparacion_de_metodos\MY32\selected_top100\masks\F04_day33_mask_class.png,2.411665473270437,test
