year,idx,day_key,image_id,image_path,mask_path,source_index,split
MY28,306,P12_day23,MY28_P12_day23,C:\Users\nicof\Desktop\proy_olga\Comparacion_de_metodos\MY28\mdgm_rgb\P12_day23.png,C:\Users\nicof\Desktop\proy_olga\Comparacion_de_metodos\MY28\masks_png_all\P12_day23_mask_class.png,83,train
MY28,152,P06_day08,MY28_P06_day08,C:\Users\nicof\Desktop\proy_olga\Comparacion_de_metodos\MY28\mdgm_rgb\P06_day08.png,C:\Users\nicof\Desktop\proy_olga\Comparacion_de_metodos\MY28\masks_png_all\P06_day08_mask_class.png,53,train
MY28,163,P06_day19,MY28_P06_day19,C:\Users\nicof\Desktop\proy_olga\Comparacion_de_metodos\MY28\mdgm_rgb\P06_day19.png,C:\Users\nicof\Desktop\proy_olga\Comparacion_de_metodos\MY28\masks_png_all\P06_day19_mask_class.png,70,train
MY28,313,P12_day30,MY28_P12_day30,C:\Users\nicof\Desktop\proy_olga\Comparacion_de_metodos\MY28\mdgm_rgb\P12_day30.png,C:\Users\nicof\Desktop\proy_olga\Comparacion_de_metodos\MY28\masks_png_all\P12_day30_mask_class.png,45,train
MY28,300,P12_day17,MY28_P12_day17,C:\Users\nicof\Desktop\proy_olga\Comparacion_de_metodos\MY28\mdgm_rgb\P12_day17.png,C:\Users\nicof\Desktop\proy_olga\Comparacion_de_metodos\MY28\masks_png_all\P12_day17_mask_class.png,44,train
MY28,329,P13_day21,MY28_P13_day21,C:\Users\nicof\Desktop\proy_olga\Comparacion_de_metodos\MY28\mdgm_rgb\P13_day21.png,C:\Users\nicof\Desktop\proy_olga\Comparacion_de_metodos\MY28\masks_png_all\P13_day21_mask_class.png,39,train
MY28,311,P12_day28,MY28_P12_day28,C:\Users\nicof\Desktop\proy_olga\Comparacion_de_metodos\MY28\mdgm_rgb\P12_day28.png,C:\Users\nicof\Desktop\proy_olga\Comparacion_de_metodos\MY28\masks_png_all\P12_day28_mask_class.png,22,train
MY28,275,P10_day04,MY28_P10_day04,C:\Users\nicof\Desktop\proy_olga\Comparacion_de_metodos\MY28\mdgm_rgb\P10_day04.png,C:\Users\nicof\Desktop\proy_olga\Comparacion_de_metodos\MY28\masks_png_all\P10_day04_mask_class.png,80,train
MY28,268,P09_day30,MY28_P09_day30,C:\Users\nicof\Desktop\proy_olga\Comparacion_de_metodos\MY28\mdgm_rgb\P09_day30.png,C:\Users\nicof\Desktop\proy_olga\Comparacion_de_metodos\MY28\masks_png_all\P09_day30_mask_class.png,10,train
MY28,248,P09_day09,MY28_P09_day09,C:\Users\nicof\Desktop\proy_olga\Comparacion_de_metodos\MY28\mdgm_rgb\P09_day09.png,C:\Users\nicof\Desktop\proy_olga\Comparacion_de_metodos\MY28\masks_png_all\P09_day09_mask_class.png,0,train
MY28,128,P05_day09,MY28_P05_day09,C:\Users\nicof\Desktop\proy_olga\Comparacion_de_metodos\MY28\mdgm_rgb\P05_day09.png,C:\Users\nicof\Desktop\proy_olga\Comparacion_de_metodos\MY28\masks_png_all\P05_day09_mask_class.png,18,train
MY28,272,P10_day01,MY28_P10_day01,C:\Users\nicof\Desktop\proy_olga\Comparacion_de_metodos\MY28\mdgm_rgb\P10_day01.png,C:\Users\nicof\Desktop\proy_olga\Comparacion_de_metodos\MY28\masks_png_all\P10_day01_mask_class.png,30,train
MY28,323,P13_day07,MY28_P13_day07,C:\Users\nicof\Desktop\proy_olga\Comparacion_de_metodos\MY28\mdgm_rgb\P13_day07.png,C:\Users\nicof\Desktop\proy_olga\Comparacion_de_metodos\MY28\masks_png_all\P13_day07_mask_class.png,73,train
MY28,69,P03_day13,MY28_P03_day13,C:\Users\nicof\Desktop\proy_olga\Comparacion_de_metodos\MY28\mdgm_rgb\P03_day13.png,C:\Users\nicof\Desktop\proy_olga\Comparacion_de_metodos\MY28\masks_png_all\P03_day13_mask_class.png,33,train
MY28,19,P01_day21,MY28_P01_day21,C:\Users\nicof\Desktop\proy_olga\Comparacion_de_metodos\MY28\mdgm_rgb\P01_day21.png,C:\Users\nicof\Desktop\proy_olga\Comparacion_de_metodos\MY28\masks_png_all\P01_day21_mask_class.png,90,train
MY28,267,P09_day29,MY28_P09_day29,C:\Users\nicof\Desktop\proy_olga\Comparacion_de_metodos\MY28\mdgm_rgb\P09_day29.png,C:\Users\nicof\Desktop\proy_olga\Comparacion_de_metodos\MY28\masks_png_all\P09_day29_mask_class.png,4,train
MY28,201,P07_day27,MY28_P07_day27,C:\Users\nicof\Desktop\proy_olga\Comparacion_de_metodos\MY28\mdgm_rgb\P07_day27.png,C:\Users\nicof\Desktop\proy_olga\Comparacion_de_metodos\MY28\masks_png_all\P07_day27_mask_class.png,76,train
MY28,192,P07_day16,MY28_P07_day16,C:\Users\nicof\Desktop\proy_olga\Comparacion_de_metodos\MY28\mdgm_rgb\P07_day16.png,C:\Users\nicof\Desktop\proy_olga\Comparacion_de_metodos\MY28\masks_png_all\P07_day16_mask_class.png,77,train
MY28,270,P09_day32,MY28_P09_day32,C:\Users\nicof\Desktop\proy_olga\Comparacion_de_metodos\MY28\mdgm_rgb\P09_day32.png,C:\Users\nicof\Desktop\proy_olga\Comparacion_de_metodos\MY28\masks_png_all\P09_day32_mask_class.png,12,train
MY28,316,P12_day33,MY28_P12_day33,C:\Users\nicof\Desktop\proy_olga\Comparacion_de_metodos\MY28\mdgm_rgb\P12_day33.png,C:\Users\nicof\Desktop\proy_olga\Comparacion_de_metodos\MY28\masks_png_all\P12_day33_mask_class.png,31,train
MY28,304,P12_day21,MY28_P12_day21,C:\Users\nicof\Desktop\proy_olga\Comparacion_de_metodos\MY28\mdgm_rgb\P12_day21.png,C:\Users\nicof\Desktop\proy_olga\Comparacion_de_metodos\MY28\masks_png_all\P12_day21_mask_class.png,55,train
MY28,24,P02_day01,MY28_P02_day01,C:\Users\nicof\Desktop\proy_olga\Comparacion_de_metodos\MY28\mdgm_rgb\P02_day01.png,C:\Users\nicof\Desktop\proy_olga\Comparacion_de_metodos\MY28\masks_png_all\P02_day01_mask_class.png,88,train
MY28,106,P04_day17,MY28_P04_day17,C:\Users\nicof\Desktop\proy_olga\Comparacion_de_metodos\MY28\mdgm_rgb\P04_day17.png,C:\Users\nicof\Desktop\proy_olga\Comparacion_de_metodos\MY28\masks_png_all\P04_day17_mask_class.png,26,train
MY28,18,P01_day20,MY28_P01_day20,C:\Users\nicof\Desktop\proy_olga\Comparacion_de_metodos\MY28\mdgm_rgb\P01_day20.png,C:\Users\nicof\Desktop\proy_olga\Comparacion_de_metodos\MY28\masks_png_all\P01_day20_mask_class.png,42,train
MY28,334,P13_day26,MY28_P13_day26,C:\Users\nicof\Desktop\proy_olga\Comparacion_de_metodos\MY28\mdgm_rgb\P13_day26.png,C:\Users\nicof\Desktop\proy_olga\Comparacion_de_metodos\MY28\masks_png_all\P13_day26_mask_class.png,69,train
MY28,131,P05_day12,MY28_P05_day12,C:\Users\nicof\Desktop\proy_olga\Comparacion_de_metodos\MY28\mdgm_rgb\P05_day12.png,C:\Users\nicof\Desktop\proy_olga\Comparacion_de_metodos\MY28\masks_png_all\P05_day12_mask_class.png,15,train
MY28,169,P06_day25,MY28_P06_day25,C:\Users\nicof\Desktop\proy_olga\Comparacion_de_metodos\MY28\mdgm_rgb\P06_day25.png,C:\Users\nicof\Desktop\proy_olga\Comparacion_de_metodos\MY28\masks_png_all\P06_day25_mask_class.png,40,train
MY28,160,P06_day16,MY28_P06_day16,C:\Users\nicof\Desktop\proy_olga\Comparacion_de_metodos\MY28\mdgm_rgb\P06_day16.png,C:\Users\nicof\Desktop\proy_olga\Comparacion_de_metodos\MY28\masks_png_all\P06_day16_mask_class.png,96,train
MY28,99,P04_day10,MY28_P04_day10,C:\Users\nicof\Desktop\proy_olga\Comparacion_de_metodos\MY28\mdgm_rgb\P04_day10.png,C:\Users\nicof\Desktop\proy_olga\Comparacion_de_metodos\MY28\masks_png_all\P04_day10_mask_class.png,9,train
MY28,314,P12_day31,MY28_P12_day31,C:\Users\nicof\Desktop\proy_olga\Comparacion_de_metodos\MY28\mdgm_rgb\P12_day31.png,C:\Users\nicof\Desktop\proy_olga\Comparacion_de_metodos\MY28\masks_png_all\P12_day31_mask_class.png,72,train
MY28,100,P04_day11,MY28_P04_day11,C:\Users\nicof\Desktop\proy_olga\Comparacion_de_metodos\MY28\mdgm_rgb\P04_day11.png,C:\Users\nicof\Desktop\proy_olga\Comparacion_de_metodos\MY28\masks_png_all\P04_day11_mask_class.png,11,train
MY28,194,P07_day20,MY28_P07_day20,C:\Users\nicof\Desktop\proy_olga\Comparacion_de_metodos\MY28\mdgm_rgb\P07_day20.png,C:\Users\nicof\Desktop\proy_olga\Comparacion_de_metodos\MY28\masks_png_all\P07_day20_mask_class.png,47,train
MY28,213,P08_day06,MY28_P08_day06,C:\Users\nicof\Desktop\proy_olga\Comparacion_de_metodos\MY28\mdgm_rgb\P08_day06.png,C:\Users\nicof\Desktop\proy_olga\Comparacion_de_metodos\MY28\masks_png_all\P08_day06_mask_class.png,85,train
MY28,46,P02_day23,MY28_P02_day23,C:\Users\nicof\Desktop\proy_olga\Comparacion_de_metodos\MY28\mdgm_rgb\P02_day23.png,C:\Users\nicof\Desktop\proy_olga\Comparacion_de_metodos\MY28\masks_png_all\P02_day23_mask_class.png,28,train
MY28,117,P04_day28,MY28_P04_day28,C:\Users\nicof\Desktop\proy_olga\Comparacion_de_metodos\MY28\mdgm_rgb\P04_day28.png,C:\Users\nicof\Desktop\proy_olga\Comparacion_de_metodos\MY28\masks_png_all\P04_day28_mask_class.png,93,train
MY28,264,P09_day26,MY28_P09_day26,C:\Users\nicof\Desktop\proy_olga\Comparacion_de_metodos\MY28\mdgm_rgb\P09_day26.png,C:\Users\nicof\Desktop\proy_olga\Comparacion_de_metodos\MY28\masks_png_all\P09_day26_mask_class.png,5,train
MY28,331,P13_day23,MY28_P13_day23,C:\Users\nicof\Desktop\proy_olga\Comparacion_de_metodos\MY28\mdgm_rgb\P13_day23.png,C:\Users\nicof\Desktop\proy_olga\Comparacion_de_metodos\MY28\masks_png_all\P13_day23_mask_class.png,66,train
MY28,332,P13_day24,MY28_P13_day24,C:\Users\nicof\Desktop\proy_olga\Comparacion_de_metodos\MY28\mdgm_rgb\P13_day24.png,C:\Users\nicof\Desktop\proy_olga\Comparacion_de_metodos\MY28\masks_png_all\P13_day24_mask_class.png,65,train
MY28,30,P02_day07,MY28_P02_day07,C:\Users\nicof\Desktop\proy_olga\Comparacion_de_metodos\MY28\mdgm_rgb\P02_day07.png,C:\Users\nicof\Desktop\proy_olga\Comparacion_de_metodos\MY28\masks_png_all\P02_day07_mask_class.png,35,train
MY28,271,P09_day33,MY28_P09_day33,C:\Users\nicof\Desktop\proy_olga\Comparacion_de_metodos\MY28\mdgm_rgb\P09_day33.png,C:\Users\nicof\Desktop\proy_olga\Comparacion_de_metodos\MY28\masks_png_all\P09_day33_mask_class.png,16,train
MY28,178,P07_day02,MY28_P07_day02,C:\Users\nicof\Desktop\proy_olga\Comparacion_de_metodos\MY28\mdgm_rgb\P07_day02.png,C:\Users\nicof\Desktop\proy_olga\Comparacion_de_metodos\MY28\masks_png_all\P07_day02_mask_class.png,49,train
MY28,328,P13_day20,MY28_P13_day20,C:\Users\nicof\Desktop\proy_olga\Comparacion_de_metodos\MY28\mdgm_rgb\P13_day20.png,C:\Users\nicof\Desktop\proy_olga\Comparacion_de_metodos\MY28\masks_png_all\P13_day20_mask_class.png,34,train
MY28,237,P08_day30,MY28_P08_day30,C:\Users\nicof\Desktop\proy_olga\Comparacion_de_metodos\MY28\mdgm_rgb\P08_day30.png,C:\Users\nicof\Desktop\proy_olga\Comparacion_de_metodos\MY28\masks_png_all\P08_day30_mask_class.png,7,train
MY28,303,P12_day20,MY28_P12_day20,C:\Users\nicof\Desktop\proy_olga\Comparacion_de_metodos\MY28\mdgm_rgb\P12_day20.png,C:\Users\nicof\Desktop\proy_olga\Comparacion_de_metodos\MY28\masks_png_all\P12_day20_mask_class.png,95,train
MY28,45,P02_day22,MY28_P02_day22,C:\Users\nicof\Desktop\proy_olga\Comparacion_de_metodos\MY28\mdgm_rgb\P02_day22.png,C:\Users\nicof\Desktop\proy_olga\Comparacion_de_metodos\MY28\masks_png_all\P02_day22_mask_class.png,27,train
MY28,129,P05_day10,MY28_P05_day10,C:\Users\nicof\Desktop\proy_olga\Comparacion_de_metodos\MY28\mdgm_rgb\P05_day10.png,C:\Users\nicof\Desktop\proy_olga\Comparacion_de_metodos\MY28\masks_png_all\P05_day10_mask_class.png,19,train
MY28,305,P12_day22,MY28_P12_day22,C:\Users\nicof\Desktop\proy_olga\Comparacion_de_metodos\MY28\mdgm_rgb\P12_day22.png,C:\Users\nicof\Desktop\proy_olga\Comparacion_de_metodos\MY28\masks_png_all\P12_day22_mask_class.png,81,train
MY28,31,P02_day08,MY28_P02_day08,C:\Users\nicof\Desktop\proy_olga\Comparacion_de_metodos\MY28\mdgm_rgb\P02_day08.png,C:\Users\nicof\Desktop\proy_olga\Comparacion_de_metodos\MY28\masks_png_all\P02_day08_mask_class.png,25,train
MY28,327,P13_day19,MY28_P13_day19,C:\Users\nicof\Desktop\proy_olga\Comparacion_de_metodos\MY28\mdgm_rgb\P13_day19.png,C:\Users\nicof\Desktop\proy_olga\Comparacion_de_metodos\MY28\masks_png_all\P13_day19_mask_class.png,62,train
MY28,127,P05_day08,MY28_P05_day08,C:\Users\nicof\Desktop\proy_olga\Comparacion_de_metodos\MY28\mdgm_rgb\P05_day08.png,C:\Users\nicof\Desktop\proy_olga\Comparacion_de_metodos\MY28\masks_png_all\P05_day08_mask_class.png,13,train
MY28,137,P05_day26,MY28_P05_day26,C:\Users\nicof\Desktop\proy_olga\Comparacion_de_metodos\MY28\mdgm_rgb\P05_day26.png,C:\Users\nicof\Desktop\proy_olga\Comparacion_de_metodos\MY28\masks_png_all\P05_day26_mask_class.png,24,train
MY28,98,P04_day09,MY28_P04_day09,C:\Users\nicof\Desktop\proy_olga\Comparacion_de_metodos\MY28\mdgm_rgb\P04_day09.png,C:\Users\nicof\Desktop\proy_olga\Comparacion_de_metodos\MY28\masks_png_all\P04_day09_mask_class.png,3,train
MY28,107,P04_day18,MY28_P04_day18,C:\Users\nicof\Desktop\proy_olga\Comparacion_de_metodos\MY28\mdgm_rgb\P04_day18.png,C:\Users\nicof\Desktop\proy_olga\Comparacion_de_metodos\MY28\masks_png_all\P04_day18_mask_class.png,17,train
MY28,155,P06_day11,MY28_P06_day11,C:\Users\nicof\Desktop\proy_olga\Comparacion_de_metodos\MY28\mdgm_rgb\P06_day11.png,C:\Users\nicof\Desktop\proy_olga\Comparacion_de_metodos\MY28\masks_png_all\P06_day11_mask_class.png,38,train
MY28,83,P03_day27,MY28_P03_day27,C:\Users\nicof\Desktop\proy_olga\Comparacion_de_metodos\MY28\mdgm_rgb\P03_day27.png,C:\Users\nicof\Desktop\proy_olga\Comparacion_de_metodos\MY28\masks_png_all\P03_day27_mask_class.png,8,train
MY28,227,P08_day20,MY28_P08_day20,C:\Users\nicof\Desktop\proy_olga\Comparacion_de_metodos\MY28\mdgm_rgb\P08_day20.png,C:\Users\nicof\Desktop\proy_olga\Comparacion_de_metodos\MY28\masks_png_all\P08_day20_mask_class.png,78,train
MY28,269,P09_day31,MY28_P09_day31,C:\Users\nicof\Desktop\proy_olga\Comparacion_de_metodos\MY28\mdgm_rgb\P09_day31.png,C:\Users\nicof\Desktop\proy_olga\Comparacion_de_metodos\MY28\masks_png_all\P09_day31_mask_class.png,6,train
MY28,307,P12_day24,MY28_P12_day24,C:\Users\nicof\Desktop\proy_olga\Comparacion_de_metodos\MY28\mdgm_rgb\P12_day24.png,C:\Users\nicof\Desktop\proy_olga\Comparacion_de_metodos\MY28\masks_png_all\P12_day24_mask_class.png,64,train
MY28,48,P02_day25,MY28_P02_day25,C:\Users\nicof\Desktop\proy_olga\Comparacion_de_metodos\MY28\mdgm_rgb\P02_day25.png,C:\Users\nicof\Desktop\proy_olga\Comparacion_de_metodos\MY28\masks_png_all\P02_day25_mask_class.png,36,train
MY28,212,P08_day05,MY28_P08_day05,C:\Users\nicof\Desktop\proy_olga\Comparacion_de_metodos\MY28\mdgm_rgb\P08_day05.png,C:\Users\nicof\Desktop\proy_olga\Comparacion_de_metodos\MY28\masks_png_all\P08_day05_mask_class.png,89,train
MY28,27,P02_day04,MY28_P02_day04,C:\Users\nicof\Desktop\proy_olga\Comparacion_de_metodos\MY28\mdgm_rgb\P02_day04.png,C:\Users\nicof\Desktop\proy_olga\Comparacion_de_metodos\MY28\masks_png_all\P02_day04_mask_class.png,56,train
MY28,176,P06_day32,MY28_P06_day32,C:\Users\nicof\Desktop\proy_olga\Comparacion_de_metodos\MY28\mdgm_rgb\P06_day32.png,C:\Users\nicof\Desktop\proy_olga\Comparacion_de_metodos\MY28\masks_png_all\P06_day32_mask_class.png,99,train
MY28,315,P12_day32,MY28_P12_day32,C:\Users\nicof\Desktop\proy_olga\Comparacion_de_metodos\MY28\mdgm_rgb\P12_day32.png,C:\Users\nicof\Desktop\proy_olga\Comparacion_de_metodos\MY28\masks_png_all\P12_day32_mask_class.png,54,train
MY28,158,P06_day14,MY28_P06_day14,C:\Users\nicof\Desktop\proy_olga\Comparacion_de_metodos\MY28\mdgm_rgb\P06_day14.png,C:\Users\nicof\Desktop\proy_olga\Comparacion_de_metodos\MY28\masks_png_all\P06_day14_mask_class.png,43,train
MY28,204,P07_day30,MY28_P07_day30,C:\Users\nicof\Desktop\proy_olga\Comparacion_de_metodos\MY28\mdgm_rgb\P07_day30.png,C:\Users\nicof\Desktop\proy_olga\Comparacion_de_metodos\MY28\masks_png_all\P07_day30_mask_class.png,50,train
MY28,302,P12_day19,MY28_P12_day19,C:\Users\nicof\Desktop\proy_olga\Comparacion_de_metodos\MY28\mdgm_rgb\P12_day19.png,C:\Users\nicof\Desktop\proy_olga\Comparacion_de_metodos\MY28\masks_png_all\P12_day19_mask_class.png,67,train
MY28,126,P05_day07,MY28_P05_day07,C:\Users\nicof\Desktop\proy_olga\Comparacion_de_metodos\MY28\mdgm_rgb\P05_day07.png,C:\Users\nicof\Desktop\proy_olga\Comparacion_de_metodos\MY28\masks_png_all\P05_day07_mask_class.png,46,train
MY28,26,P02_day03,MY28_P02_day03,C:\Users\nicof\Desktop\proy_olga\Comparacion_de_metodos\MY28\mdgm_rgb\P02_day03.png,C:\Users\nicof\Desktop\proy_olga\Comparacion_de_metodos\MY28\masks_png_all\P02_day03_mask_class.png,68,train
MY28,273,P10_day02,MY28_P10_day02,C:\Users\nicof\Desktop\proy_olga\Comparacion_de_metodos\MY28\mdgm_rgb\P10_day02.png,C:\Users\nicof\Desktop\proy_olga\Comparacion_de_metodos\MY28\masks_png_all\P10_day02_mask_class.png,61,train
MY28,229,P08_day22,MY28_P08_day22,C:\Users\nicof\Desktop\proy_olga\Comparacion_de_metodos\MY28\mdgm_rgb\P08_day22.png,C:\Users\nicof\Desktop\proy_olga\Comparacion_de_metodos\MY28\masks_png_all\P08_day22_mask_class.png,97,train
MY28,225,P08_day18,MY28_P08_day18,C:\Users\nicof\Desktop\proy_olga\Comparacion_de_metodos\MY28\mdgm_rgb\P08_day18.png,C:\Users\nicof\Desktop\proy_olga\Comparacion_de_metodos\MY28\masks_png_all\P08_day18_mask_class.png,79,val
MY28,181,P07_day05,MY28_P07_day05,C:\Users\nicof\Desktop\proy_olga\Comparacion_de_metodos\MY28\mdgm_rgb\P07_day05.png,C:\Users\nicof\Desktop\proy_olga\Comparacion_de_metodos\MY28\masks_png_all\P07_day05_mask_class.png,41,val
MY28,171,P06_day27,MY28_P06_day27,C:\Users\nicof\Desktop\proy_olga\Comparacion_de_metodos\MY28\mdgm_rgb\P06_day27.png,C:\Users\nicof\Desktop\proy_olga\Comparacion_de_metodos\MY28\masks_png_all\P06_day27_mask_class.png,58,val
MY28,221,P08_day14,MY28_P08_day14,C:\Users\nicof\Desktop\proy_olga\Comparacion_de_metodos\MY28\mdgm_rgb\P08_day14.png,C:\Users\nicof\Desktop\proy_olga\Comparacion_de_metodos\MY28\masks_png_all\P08_day14_mask_class.png,48,val
MY28,335,P13_day27,MY28_P13_day27,C:\Users\nicof\Desktop\proy_olga\Comparacion_de_metodos\MY28\mdgm_rgb\P13_day27.png,C:\Users\nicof\Desktop\proy_olga\Comparacion_de_metodos\MY28\masks_png_all\P13_day27_mask_class.png,98,val
MY28,274,P10_day03,MY28_P10_day03,C:\Users\nicof\Desktop\proy_olga\Comparacion_de_metodos\MY28\mdgm_rgb\P10_day03.png,C:\Users\nicof\Desktop\proy_olga\Comparacion_de_metodos\MY28\masks_png_all\P10_day03_mask_class.png,57,val
MY28,226,P08_day19,MY28_P08_day19,C:\Users\nicof\Desktop\proy_olga\Comparacion_de_metodos\MY28\mdgm_rgb\P08_day19.png,C:\Users\nicof\Desktop\proy_olga\Comparacion_de_metodos\MY28\masks_png_all\P08_day19_mask_class.png,75,val
MY28,53,P02_day30,MY28_P02_day30,C:\Users\nicof\Desktop\proy_olga\Comparacion_de_metodos\MY28\mdgm_rgb\P02_day30.png,C:\Users\nicof\Desktop\proy_olga\Comparacion_de_metodos\MY28\masks_png_all\P02_day30_mask_class.png,32,val
MY28,150,P06_day06,MY28_P06_day06,C:\Users\nicof\Desktop\proy_olga\Comparacion_de_metodos\MY28\mdgm_rgb\P06_day06.png,C:\Users\nicof\Desktop\proy_olga\Comparacion_de_metodos\MY28\masks_png_all\P06_day06_mask_class.png,94,val
MY28,206,P07_day32,MY28_P07_day32,C:\Users\nicof\Desktop\proy_olga\Comparacion_de_metodos\MY28\mdgm_rgb\P07_day32.png,C:\Users\nicof\Desktop\proy_olga\Comparacion_de_metodos\MY28\masks_png_all\P07_day32_mask_class.png,59,val
MY28,222,P08_day15,MY28_P08_day15,C:\Users\nicof\Desktop\proy_olga\Comparacion_de_metodos\MY28\mdgm_rgb\P08_day15.png,C:\Users\nicof\Desktop\proy_olga\Comparacion_de_metodos\MY28\masks_png_all\P08_day15_mask_class.png,63,val
MY28,231,P08_day24,MY28_P08_day24,C:\Users\nicof\Desktop\proy_olga\Comparacion_de_metodos\MY28\mdgm_rgb\P08_day24.png,C:\Users\nicof\Desktop\proy_olga\Comparacion_de_metodos\MY28\masks_png_all\P08_day24_mask_class.png,84,val
MY28,52,P02_day29,MY28_P02_day29,C:\Users\nicof\Desktop\proy_olga\Comparacion_de_metodos\MY28\mdgm_rgb\P02_day29.png,C:\Users\nicof\Desktop\proy_olga\Comparacion_de_metodos\MY28\masks_png_all\P02_day29_mask_class.png,37,val
MY28,28,P02_day05,MY28_P02_day05,C:\Users\nicof\Desktop\proy_olga\Comparacion_de_metodos\MY28\mdgm_rgb\P02_day05.png,C:\Users\nicof\Desktop\proy_olga\Comparacion_de_metodos\MY28\masks_png_all\P02_day05_mask_class.png,29,val
MY28,262,P09_day24,MY28_P09_day24,C:\Users\nicof\Desktop\proy_olga\Comparacion_de_metodos\MY28\mdgm_rgb\P09_day24.png,C:\Users\nicof\Desktop\proy_olga\Comparacion_de_metodos\MY28\masks_png_all\P09_day24_mask_class.png,1,val
MY28,65,P03_day09,MY28_P03_day09,C:\Users\nicof\Desktop\proy_olga\Comparacion_de_metodos\MY28\mdgm_rgb\P03_day09.png,C:\Users\nicof\Desktop\proy_olga\Comparacion_de_metodos\MY28\masks_png_all\P03_day09_mask_class.png,52,test
MY28,51,P02_day28,MY28_P02_day28,C:\Users\nicof\Desktop\proy_olga\Comparacion_de_metodos\MY28\mdgm_rgb\P02_day28.png,C:\Users\nicof\Desktop\proy_olga\Comparacion_de_metodos\MY28\masks_png_all\P02_day28_mask_class.png,21,test
MY28,263,P09_day25,MY28_P09_day25,C:\Users\nicof\Desktop\proy_olga\Comparacion_de_metodos\MY28\mdgm_rgb\P09_day25.png,C:\Users\nicof\Desktop\proy_olga\Comparacion_de_metodos\MY28\masks_png_all\P09_day25_mask_class.png,2,test
MY28,54,P02_day31,MY28_P02_day31,C:\Users\nicof\Desktop\proy_olga\Comparacion_de_metodos\MY28\mdgm_rgb\P02_day31.png,C:\Users\nicof\Desktop\proy_olga\Comparacion_de_metodos\MY28\masks_png_all\P02_day31_mask_class.png,23,test
MY28,172,P06_day28,MY28_P06_day28,C:\Users\nicof\Desktop\proy_olga\Comparacion_de_metodos\MY28\mdgm_rgb\P06_day28.png,C:\Users\nicof\Desktop\proy_olga\Comparacion_de_metodos\MY28\masks_png_all\P06_day28_mask_class.png,87,test
MY28,216,P08_day09,MY28_P08_day09,C:\Users\nicof\Desktop\proy_olga\Comparacion_de_metodos\MY28\mdgm_rgb\P08_day09.png,C:\Users\nicof\Desktop\proy_olga\Comparacion_de_metodos\MY28\masks_png_all\P08_day09_mask_class.png,91,test
MY28,223,P08_day16,MY28_P08_day16,C:\Users\nicof\Desktop\proy_olga\Comparacion_de_metodos\MY28\mdgm_rgb\P08_day16.png,C:\Users\nicof\Desktop\proy_olga\Comparacion_de_metodos\MY28\masks_png_all\P08_day16_mask_class.png,74,test
MY28,198,P07_day24,MY28_P07_day24,C:\Users\nicof\Desktop\proy_olga\Comparacion_de_metodos\MY28\mdgm_rgb\P07_day24.png,C:\Users\nicof\Desktop\proy_olga\Comparacion_de_metodos\MY28\masks_png_all\P07_day24_mask_class.png,86,test
MY28,115,P04_day26,MY28_P04_day26,C:\Users\nicof\Desktop\proy_olga\Comparacion_de_metodos\MY28\mdgm_rgb\P04_day26.png,C:\Users\nicof\Desktop\proy_olga\Comparacion_de_metodos\MY28\masks_png_all\P04_day26_mask_class.png,82,test
MY28,235,P08_day28,MY28_P08_day28,C:\Users\nicof\Desktop\proy_olga\Comparacion_de_metodos\MY28\mdgm_rgb\P08_day28.png,C:\Users\nicof\Desktop\proy_olga\Comparacion_de_metodos\MY28\masks_png_all\P08_day28_mask_class.png,20,test
MY28,136,P05_day25,MY28_P05_day25,C:\Users\nicof\Desktop\proy_olga\Comparacion_de_metodos\MY28\mdgm_rgb\P05_day25.png,C:\Users\nicof\Desktop\proy_olga\Comparacion_de_metodos\MY28\masks_png_all\P05_day25_mask_class.png,60,test
MY28,228,P08_day21,MY28_P08_day21,C:\Users\nicof\Desktop\proy_olga\Comparacion_de_metodos\MY28\mdgm_rgb\P08_day21.png,C:\Users\nicof\Desktop\proy_olga\Comparacion_de_metodos\MY28\masks_png_all\P08_day21_mask_class.png,71,test
MY28,44,P02_day21,MY28_P02_day21,C:\Users\nicof\Desktop\proy_olga\Comparacion_de_metodos\MY28\mdgm_rgb\P02_day21.png,C:\Users\nicof\Desktop\proy_olga\Comparacion_de_metodos\MY28\masks_png_all\P02_day21_mask_class.png,14,test
MY28,330,P13_day22,MY28_P13_day22,C:\Users\nicof\Desktop\proy_olga\Comparacion_de_metodos\MY28\mdgm_rgb\P13_day22.png,C:\Users\nicof\Desktop\proy_olga\Comparacion_de_metodos\MY28\masks_png_all\P13_day22_mask_class.png,92,test
MY28,12,P01_day14,MY28_P01_day14,C:\Users\nicof\Desktop\proy_olga\Comparacion_de_metodos\MY28\mdgm_rgb\P01_day14.png,C:\Users\nicof\Desktop\proy_olga\Comparacion_de_metodos\MY28\masks_png_all\P01_day14_mask_class.png,51,test
MY31,7,G15_day21,MY31_G15_day21,C:\Users\nicof\Desktop\proy_olga\Comparacion_de_metodos\MY31\mdgm_rgb\G15_day21.png,C:\Users\nicof\Desktop\proy_olga\Comparacion_de_metodos\MY31\masks_png_all\G15_day21_mask_class.png,83,train
MY31,139,G19_day32,MY31_G19_day32,C:\Users\nicof\Desktop\proy_olga\Comparacion_de_metodos\MY31\mdgm_rgb\G19_day32.png,C:\Users\nicof\Desktop\proy_olga\Comparacion_de_metodos\MY31\masks_png_all\G19_day32_mask_class.png,53,train
MY31,458,D08_day27,MY31_D08_day27,C:\Users\nicof\Desktop\proy_olga\Comparacion_de_metodos\MY31\mdgm_rgb\D08_day27.png,C:\Users\nicof\Desktop\proy_olga\Comparacion_de_metodos\MY31\masks_png_all\D08_day27_mask_class.png,70,train
MY31,103,G18_day28,MY31_G18_day28,C:\Users\nicof\Desktop\proy_olga\Comparacion_de_metodos\MY31\mdgm_rgb\G18_day28.png,C:\Users\nicof\Desktop\proy_olga\Comparacion_de_metodos\MY31\masks_png_all\G18_day28_mask_class.png,45,train
MY31,21,G16_day07,MY31_G16_day07,C:\Users\nicof\Desktop\proy_olga\Comparacion_de_metodos\MY31\mdgm_rgb\G16_day07.png,C:\Users\nicof\Desktop\proy_olga\Comparacion_de_metodos\MY31\masks_png_all\G16_day07_mask_class.png,44,train
MY31,309,D03_day04,MY31_D03_day04,C:\Users\nicof\Desktop\proy_olga\Comparacion_de_metodos\MY31\mdgm_rgb\D03_day04.png,C:\Users\nicof\Desktop\proy_olga\Comparacion_de_metodos\MY31\masks_png_all\D03_day04_mask_class.png,39,train
MY31,335,D04_day22,MY31_D04_day22,C:\Users\nicof\Desktop\proy_olga\Comparacion_de_metodos\MY31\mdgm_rgb\D04_day22.png,C:\Users\nicof\Desktop\proy_olga\Comparacion_de_metodos\MY31\masks_png_all\D04_day22_mask_class.png,22,train
MY31,358,D05_day13,MY31_D05_day13,C:\Users\nicof\Desktop\proy_olga\Comparacion_de_metodos\MY31\mdgm_rgb\D05_day13.png,C:\Users\nicof\Desktop\proy_olga\Comparacion_de_metodos\MY31\masks_png_all\D05_day13_mask_class.png,80,train
MY31,332,D04_day19,MY31_D04_day19,C:\Users\nicof\Desktop\proy_olga\Comparacion_de_metodos\MY31\mdgm_rgb\D04_day19.png,C:\Users\nicof\Desktop\proy_olga\Comparacion_de_metodos\MY31\masks_png_all\D04_day19_mask_class.png,10,train
MY31,539,D12_day12,MY31_D12_day12,C:\Users\nicof\Desktop\proy_olga\Comparacion_de_metodos\MY31\mdgm_rgb\D12_day12.png,C:\Users\nicof\Desktop\proy_olga\Comparacion_de_metodos\MY31\masks_png_all\D12_day12_mask_class.png,0,train
MY31,429,D07_day23,MY31_D07_day23,C:\Users\nicof\Desktop\proy_olga\Comparacion_de_metodos\MY31\mdgm_rgb\D07_day23.png,C:\Users\nicof\Desktop\proy_olga\Comparacion_de_metodos\MY31\masks_png_all\D07_day23_mask_class.png,18,train
MY31,28,G16_day14,MY31_G16_day14,C:\Users\nicof\Desktop\proy_olga\Comparacion_de_metodos\MY31\mdgm_rgb\G16_day14.png,C:\Users\nicof\Desktop\proy_olga\Comparacion_de_metodos\MY31\masks_png_all\G16_day14_mask_class.png,30,train
MY31,601,D14_day11,MY31_D14_day11,C:\Users\nicof\Desktop\proy_olga\Comparacion_de_metodos\MY31\mdgm_rgb\D14_day11.png,C:\Users\nicof\Desktop\proy_olga\Comparacion_de_metodos\MY31\masks_png_all\D14_day11_mask_class.png,73,train
MY31,298,D02_day22,MY31_D02_day22,C:\Users\nicof\Desktop\proy_olga\Comparacion_de_metodos\MY31\mdgm_rgb\D02_day22.png,C:\Users\nicof\Desktop\proy_olga\Comparacion_de_metodos\MY31\masks_png_all\D02_day22_mask_class.png,33,train
MY31,71,G17_day28,MY31_G17_day28,C:\Users\nicof\Desktop\proy_olga\Comparacion_de_metodos\MY31\mdgm_rgb\G17_day28.png,C:\Users\nicof\Desktop\proy_olga\Comparacion_de_metodos\MY31\masks_png_all\G17_day28_mask_class.png,90,train
MY31,543,D12_day16,MY31_D12_day16,C:\Users\nicof\Desktop\proy_olga\Comparacion_de_metodos\MY31\mdgm_rgb\D12_day16.png,C:\Users\nicof\Desktop\proy_olga\Comparacion_de_metodos\MY31\masks_png_all\D12_day16_mask_class.png,4,train
MY31,82,G18_day07,MY31_G18_day07,C:\Users\nicof\Desktop\proy_olga\Comparacion_de_metodos\MY31\mdgm_rgb\G18_day07.png,C:\Users\nicof\Desktop\proy_olga\Comparacion_de_metodos\MY31\masks_png_all\G18_day07_mask_class.png,76,train
MY31,459,D08_day28,MY31_D08_day28,C:\Users\nicof\Desktop\proy_olga\Comparacion_de_metodos\MY31\mdgm_rgb\D08_day28.png,C:\Users\nicof\Desktop\proy_olga\Comparacion_de_metodos\MY31\masks_png_all\D08_day28_mask_class.png,77,train
MY31,609,D14_day19,MY31_D14_day19,C:\Users\nicof\Desktop\proy_olga\Comparacion_de_metodos\MY31\mdgm_rgb\D14_day19.png,C:\Users\nicof\Desktop\proy_olga\Comparacion_de_metodos\MY31\masks_png_all\D14_day19_mask_class.png,12,train
MY31,374,D05_day33,MY31_D05_day33,C:\Users\nicof\Desktop\proy_olga\Comparacion_de_metodos\MY31\mdgm_rgb\D05_day33.png,C:\Users\nicof\Desktop\proy_olga\Comparacion_de_metodos\MY31\masks_png_all\D05_day33_mask_class.png,31,train
MY31,12,G15_day30,MY31_G15_day30,C:\Users\nicof\Desktop\proy_olga\Comparacion_de_metodos\MY31\mdgm_rgb\G15_day30.png,C:\Users\nicof\Desktop\proy_olga\Comparacion_de_metodos\MY31\masks_png_all\G15_day30_mask_class.png,55,train
MY31,50,G17_day03,MY31_G17_day03,C:\Users\nicof\Desktop\proy_olga\Comparacion_de_metodos\MY31\mdgm_rgb\G17_day03.png,C:\Users\nicof\Desktop\proy_olga\Comparacion_de_metodos\MY31\masks_png_all\G17_day03_mask_class.png,88,train
MY31,378,D06_day04,MY31_D06_day04,C:\Users\nicof\Desktop\proy_olga\Comparacion_de_metodos\MY31\mdgm_rgb\D06_day04.png,C:\Users\nicof\Desktop\proy_olga\Comparacion_de_metodos\MY31\masks_png_all\D06_day04_mask_class.png,26,train
MY31,622,D14_day33,MY31_D14_day33,C:\Users\nicof\Desktop\proy_olga\Comparacion_de_metodos\MY31\mdgm_rgb\D14_day33.png,C:\Users\nicof\Desktop\proy_olga\Comparacion_de_metodos\MY31\masks_png_all\D14_day33_mask_class.png,42,train
MY31,588,D13_day30,MY31_D13_day30,C:\Users\nicof\Desktop\proy_olga\Comparacion_de_metodos\MY31\mdgm_rgb\D13_day30.png,C:\Users\nicof\Desktop\proy_olga\Comparacion_de_metodos\MY31\masks_png_all\D13_day30_mask_class.png,69,train
MY31,333,D04_day20,MY31_D04_day20,C:\Users\nicof\Desktop\proy_olga\Comparacion_de_metodos\MY31\mdgm_rgb\D04_day20.png,C:\Users\nicof\Desktop\proy_olga\Comparacion_de_metodos\MY31\masks_png_all\D04_day20_mask_class.png,15,train
MY31,13,G15_day31,MY31_G15_day31,C:\Users\nicof\Desktop\proy_olga\Comparacion_de_metodos\MY31\mdgm_rgb\G15_day31.png,C:\Users\nicof\Desktop\proy_olga\Comparacion_de_metodos\MY31\masks_png_all\G15_day31_mask_class.png,40,train
MY31,276,D01_day29,MY31_D01_day29,C:\Users\nicof\Desktop\proy_olga\Comparacion_de_metodos\MY31\mdgm_rgb\D01_day29.png,C:\Users\nicof\Desktop\proy_olga\Comparacion_de_metodos\MY31\masks_png_all\D01_day29_mask_class.png,96,train
MY31,528,D11_day31,MY31_D11_day31,C:\Users\nicof\Desktop\proy_olga\Comparacion_de_metodos\MY31\mdgm_rgb\D11_day31.png,C:\Users\nicof\Desktop\proy_olga\Comparacion_de_metodos\MY31\masks_png_all\D11_day31_mask_class.png,9,train
MY31,437,D08_day06,MY31_D08_day06,C:\Users\nicof\Desktop\proy_olga\Comparacion_de_metodos\MY31\mdgm_rgb\D08_day06.png,C:\Users\nicof\Desktop\proy_olga\Comparacion_de_metodos\MY31\masks_png_all\D08_day06_mask_class.png,72,train
MY31,341,D04_day28,MY31_D04_day28,C:\Users\nicof\Desktop\proy_olga\Comparacion_de_metodos\MY31\mdgm_rgb\D04_day28.png,C:\Users\nicof\Desktop\proy_olga\Comparacion_de_metodos\MY31\masks_png_all\D04_day28_mask_class.png,11,train
MY31,570,D13_day12,MY31_D13_day12,C:\Users\nicof\Desktop\proy_olga\Comparacion_de_metodos\MY31\mdgm_rgb\D13_day12.png,C:\Users\nicof\Desktop\proy_olga\Comparacion_de_metodos\MY31\masks_png_all\D13_day12_mask_class.png,47,train
MY31,385,D06_day11,MY31_D06_day11,C:\Users\nicof\Desktop\proy_olga\Comparacion_de_metodos\MY31\mdgm_rgb\D06_day11.png,C:\Users\nicof\Desktop\proy_olga\Comparacion_de_metodos\MY31\masks_png_all\D06_day11_mask_class.png,85,train
MY31,407,D07_day01,MY31_D07_day01,C:\Users\nicof\Desktop\proy_olga\Comparacion_de_metodos\MY31\mdgm_rgb\D07_day01.png,C:\Users\nicof\Desktop\proy_olga\Comparacion_de_metodos\MY31\masks_png_all\D07_day01_mask_class.png,28,train
MY31,572,D13_day14,MY31_D13_day14,C:\Users\nicof\Desktop\proy_olga\Comparacion_de_metodos\MY31\mdgm_rgb\D13_day14.png,C:\Users\nicof\Desktop\proy_olga\Comparacion_de_metodos\MY31\masks_png_all\D13_day14_mask_class.png,93,train
MY31,525,D11_day28,MY31_D11_day28,C:\Users\nicof\Desktop\proy_olga\Comparacion_de_metodos\MY31\mdgm_rgb\D11_day28.png,C:\Users\nicof\Desktop\proy_olga\Comparacion_de_metodos\MY31\masks_png_all\D11_day28_mask_class.png,5,train
MY31,518,D11_day21,MY31_D11_day21,C:\Users\nicof\Desktop\proy_olga\Comparacion_de_metodos\MY31\mdgm_rgb\D11_day21.png,C:\Users\nicof\Desktop\proy_olga\Comparacion_de_metodos\MY31\masks_png_all\D11_day21_mask_class.png,66,train
MY31,27,G16_day13,MY31_G16_day13,C:\Users\nicof\Desktop\proy_olga\Comparacion_de_metodos\MY31\mdgm_rgb\G16_day13.png,C:\Users\nicof\Desktop\proy_olga\Comparacion_de_metodos\MY31\masks_png_all\G16_day13_mask_class.png,65,train
MY31,511,D11_day14,MY31_D11_day14,C:\Users\nicof\Desktop\proy_olga\Comparacion_de_metodos\MY31\mdgm_rgb\D11_day14.png,C:\Users\nicof\Desktop\proy_olga\Comparacion_de_metodos\MY31\masks_png_all\D11_day14_mask_class.png,35,train
MY31,342,D04_day29,MY31_D04_day29,C:\Users\nicof\Desktop\proy_olga\Comparacion_de_metodos\MY31\mdgm_rgb\D04_day29.png,C:\Users\nicof\Desktop\proy_olga\Comparacion_de_metodos\MY31\masks_png_all\D04_day29_mask_class.png,16,train
MY31,4,G15_day18,MY31_G15_day18,C:\Users\nicof\Desktop\proy_olga\Comparacion_de_metodos\MY31\mdgm_rgb\G15_day18.png,C:\Users\nicof\Desktop\proy_olga\Comparacion_de_metodos\MY31\masks_png_all\G15_day18_mask_class.png,49,train
MY31,310,D03_day05,MY31_D03_day05,C:\Users\nicof\Desktop\proy_olga\Comparacion_de_metodos\MY31\mdgm_rgb\D03_day05.png,C:\Users\nicof\Desktop\proy_olga\Comparacion_de_metodos\MY31\masks_png_all\D03_day05_mask_class.png,34,train
MY31,545,D12_day18,MY31_D12_day18,C:\Users\nicof\Desktop\proy_olga\Comparacion_de_metodos\MY31\mdgm_rgb\D12_day18.png,C:\Users\nicof\Desktop\proy_olga\Comparacion_de_metodos\MY31\masks_png_all\D12_day18_mask_class.png,7,train
MY31,469,D09_day05,MY31_D09_day05,C:\Users\nicof\Desktop\proy_olga\Comparacion_de_metodos\MY31\mdgm_rgb\D09_day05.png,C:\Users\nicof\Desktop\proy_olga\Comparacion_de_metodos\MY31\masks_png_all\D09_day05_mask_class.png,95,train
MY31,516,D11_day19,MY31_D11_day19,C:\Users\nicof\Desktop\proy_olga\Comparacion_de_metodos\MY31\mdgm_rgb\D11_day19.png,C:\Users\nicof\Desktop\proy_olga\Comparacion_de_metodos\MY31\masks_png_all\D11_day19_mask_class.png,27,train
MY31,512,D11_day15,MY31_D11_day15,C:\Users\nicof\Desktop\proy_olga\Comparacion_de_metodos\MY31\mdgm_rgb\D11_day15.png,C:\Users\nicof\Desktop\proy_olga\Comparacion_de_metodos\MY31\masks_png_all\D11_day15_mask_class.png,19,train
MY31,317,D04_day04,MY31_D04_day04,C:\Users\nicof\Desktop\proy_olga\Comparacion_de_metodos\MY31\mdgm_rgb\D04_day04.png,C:\Users\nicof\Desktop\proy_olga\Comparacion_de_metodos\MY31\masks_png_all\D04_day04_mask_class.png,81,train
MY31,406,D06_day32,MY31_D06_day32,C:\Users\nicof\Desktop\proy_olga\Comparacion_de_metodos\MY31\mdgm_rgb\D06_day32.png,C:\Users\nicof\Desktop\proy_olga\Comparacion_de_metodos\MY31\masks_png_all\D06_day32_mask_class.png,25,train
MY31,359,D05_day14,MY31_D05_day14,C:\Users\nicof\Desktop\proy_olga\Comparacion_de_metodos\MY31\mdgm_rgb\D05_day14.png,C:\Users\nicof\Desktop\proy_olga\Comparacion_de_metodos\MY31\masks_png_all\D05_day14_mask_class.png,62,train
MY31,338,D04_day25,MY31_D04_day25,C:\Users\nicof\Desktop\proy_olga\Comparacion_de_metodos\MY31\mdgm_rgb\D04_day25.png,C:\Users\nicof\Desktop\proy_olga\Comparacion_de_metodos\MY31\masks_png_all\D04_day25_mask_class.png,13,train
MY31,428,D07_day22,MY31_D07_day22,C:\Users\nicof\Desktop\proy_olga\Comparacion_de_metodos\MY31\mdgm_rgb\D07_day22.png,C:\Users\nicof\Desktop\proy_olga\Comparacion_de_metodos\MY31\masks_png_all\D07_day22_mask_class.png,24,train
MY31,337,D04_day24,MY31_D04_day24,C:\Users\nicof\Desktop\proy_olga\Comparacion_de_metodos\MY31\mdgm_rgb\D04_day24.png,C:\Users\nicof\Desktop\proy_olga\Comparacion_de_metodos\MY31\masks_png_all\D04_day24_mask_class.png,3,train
MY31,340,D04_day27,MY31_D04_day27,C:\Users\nicof\Desktop\proy_olga\Comparacion_de_metodos\MY31\mdgm_rgb\D04_day27.png,C:\Users\nicof\Desktop\proy_olga\Comparacion_de_metodos\MY31\masks_png_all\D04_day27_mask_class.png,17,train
MY31,548,D12_day21,MY31_D12_day21,C:\Users\nicof\Desktop\proy_olga\Comparacion_de_metodos\MY31\mdgm_rgb\D12_day21.png,C:\Users\nicof\Desktop\proy_olga\Comparacion_de_metodos\MY31\masks_png_all\D12_day21_mask_class.png,38,train
MY31,527,D11_day30,MY31_D11_day30,C:\Users\nicof\Desktop\proy_olga\Comparacion_de_metodos\MY31\mdgm_rgb\D11_day30.png,C:\Users\nicof\Desktop\proy_olga\Comparacion_de_metodos\MY31\masks_png_all\D11_day30_mask_class.png,8,train
MY31,284,D02_day08,MY31_D02_day08,C:\Users\nicof\Desktop\proy_olga\Comparacion_de_metodos\MY31\mdgm_rgb\D02_day08.png,C:\Users\nicof\Desktop\proy_olga\Comparacion_de_metodos\MY31\masks_png_all\D02_day08_mask_class.png,78,train
MY31,402,D06_day28,MY31_D06_day28,C:\Users\nicof\Desktop\proy_olga\Comparacion_de_metodos\MY31\mdgm_rgb\D06_day28.png,C:\Users\nicof\Desktop\proy_olga\Comparacion_de_metodos\MY31\masks_png_all\D06_day28_mask_class.png,6,train
MY31,104,G18_day29,MY31_G18_day29,C:\Users\nicof\Desktop\proy_olga\Comparacion_de_metodos\MY31\mdgm_rgb\G18_day29.png,C:\Users\nicof\Desktop\proy_olga\Comparacion_de_metodos\MY31\masks_png_all\G18_day29_mask_class.png,64,train
MY31,559,D13_day01,MY31_D13_day01,C:\Users\nicof\Desktop\proy_olga\Comparacion_de_metodos\MY31\mdgm_rgb\D13_day01.png,C:\Users\nicof\Desktop\proy_olga\Comparacion_de_metodos\MY31\masks_png_all\D13_day01_mask_class.png,36,train
MY31,597,D14_day07,MY31_D14_day07,C:\Users\nicof\Desktop\proy_olga\Comparacion_de_metodos\MY31\mdgm_rgb\D14_day07.png,C:\Users\nicof\Desktop\proy_olga\Comparacion_de_metodos\MY31\masks_png_all\D14_day07_mask_class.png,89,train
MY31,72,G17_day29,MY31_G17_day29,C:\Users\nicof\Desktop\proy_olga\Comparacion_de_metodos\MY31\mdgm_rgb\G17_day29.png,C:\Users\nicof\Desktop\proy_olga\Comparacion_de_metodos\MY31\masks_png_all\G17_day29_mask_class.png,56,train
MY31,62,G17_day19,MY31_G17_day19,C:\Users\nicof\Desktop\proy_olga\Comparacion_de_metodos\MY31\mdgm_rgb\G17_day19.png,C:\Users\nicof\Desktop\proy_olga\Comparacion_de_metodos\MY31\masks_png_all\G17_day19_mask_class.png,99,train
MY31,598,D14_day08,MY31_D14_day08,C:\Users\nicof\Desktop\proy_olga\Comparacion_de_metodos\MY31\mdgm_rgb\D14_day08.png,C:\Users\nicof\Desktop\proy_olga\Comparacion_de_metodos\MY31\masks_png_all\D14_day08_mask_class.png,54,train
MY31,510,D11_day13,MY31_D11_day13,C:\Users\nicof\Desktop\proy_olga\Comparacion_de_metodos\MY31\mdgm_rgb\D11_day13.png,C:\Users\nicof\Desktop\proy_olga\Comparacion_de_metodos\MY31\masks_png_all\D11_day13_mask_class.png,43,train
MY31,590,D13_day32,MY31_D13_day32,C:\Users\nicof\Desktop\proy_olga\Comparacion_de_metodos\MY31\mdgm_rgb\D13_day32.png,C:\Users\nicof\Desktop\proy_olga\Comparacion_de_metodos\MY31\masks_png_all\D13_day32_mask_class.png,50,train
MY31,621,D14_day32,MY31_D14_day32,C:\Users\nicof\Desktop\proy_olga\Comparacion_de_metodos\MY31\mdgm_rgb\D14_day32.png,C:\Users\nicof\Desktop\proy_olga\Comparacion_de_metodos\MY31\masks_png_all\D14_day32_mask_class.png,67,train
MY31,290,D02_day14,MY31_D02_day14,C:\Users\nicof\Desktop\proy_olga\Comparacion_de_metodos\MY31\mdgm_rgb\D02_day14.png,C:\Users\nicof\Desktop\proy_olga\Comparacion_de_metodos\MY31\masks_png_all\D02_day14_mask_class.png,46,train
MY31,517,D11_day20,MY31_D11_day20,C:\Users\nicof\Desktop\proy_olga\Comparacion_de_metodos\MY31\mdgm_rgb\D11_day20.png,C:\Users\nicof\Desktop\proy_olga\Comparacion_de_metodos\MY31\masks_png_all\D11_day20_mask_class.png,68,train
MY31,569,D13_day11,MY31_D13_day11,C:\Users\nicof\Desktop\proy_olga\Comparacion_de_metodos\MY31\mdgm_rgb\D13_day11.png,C:\Users\nicof\Desktop\proy_olga\Comparacion_de_metodos\MY31\masks_png_all\D13_day11_mask_class.png,61,train
MY31,312,D03_day32,MY31_D03_day32,C:\Users\nicof\Desktop\proy_olga\Comparacion_de_metodos\MY31\mdgm_rgb\D03_day32.png,C:\Users\nicof\Desktop\proy_olga\Comparacion_de_metodos\MY31\masks_png_all\D03_day32_mask_class.png,97,train
MY31,5,G15_day19,MY31_G15_day19,C:\Users\nicof\Desktop\proy_olga\Comparacion_de_metodos\MY31\mdgm_rgb\G15_day19.png,C:\Users\nicof\Desktop\proy_olga\Comparacion_de_metodos\MY31\masks_png_all\G15_day19_mask_class.png,79,val
MY31,600,D14_day10,MY31_D14_day10,C:\Users\nicof\Desktop\proy_olga\Comparacion_de_metodos\MY31\mdgm_rgb\D14_day10.png,C:\Users\nicof\Desktop\proy_olga\Comparacion_de_metodos\MY31\masks_png_all\D14_day10_mask_class.png,41,val
MY31,386,D06_day12,MY31_D06_day12,C:\Users\nicof\Desktop\proy_olga\Comparacion_de_metodos\MY31\mdgm_rgb\D06_day12.png,C:\Users\nicof\Desktop\proy_olga\Comparacion_de_metodos\MY31\masks_png_all\D06_day12_mask_class.png,58,val
MY31,81,G18_day06,MY31_G18_day06,C:\Users\nicof\Desktop\proy_olga\Comparacion_de_metodos\MY31\mdgm_rgb\G18_day06.png,C:\Users\nicof\Desktop\proy_olga\Comparacion_de_metodos\MY31\masks_png_all\G18_day06_mask_class.png,48,val
MY31,288,D02_day12,MY31_D02_day12,C:\Users\nicof\Desktop\proy_olga\Comparacion_de_metodos\MY31\mdgm_rgb\D02_day12.png,C:\Users\nicof\Desktop\proy_olga\Comparacion_de_metodos\MY31\masks_png_all\D02_day12_mask_class.png,98,val
MY31,10,G15_day28,MY31_G15_day28,C:\Users\nicof\Desktop\proy_olga\Comparacion_de_metodos\MY31\mdgm_rgb\G15_day28.png,C:\Users\nicof\Desktop\proy_olga\Comparacion_de_metodos\MY31\masks_png_all\G15_day28_mask_class.png,57,val
MY31,105,G18_day30,MY31_G18_day30,C:\Users\nicof\Desktop\proy_olga\Comparacion_de_metodos\MY31\mdgm_rgb\G18_day30.png,C:\Users\nicof\Desktop\proy_olga\Comparacion_de_metodos\MY31\masks_png_all\G18_day30_mask_class.png,75,val
MY31,306,D03_day01,MY31_D03_day01,C:\Users\nicof\Desktop\proy_olga\Comparacion_de_metodos\MY31\mdgm_rgb\D03_day01.png,C:\Users\nicof\Desktop\proy_olga\Comparacion_de_metodos\MY31\masks_png_all\D03_day01_mask_class.png,32,val
MY31,509,D11_day12,MY31_D11_day12,C:\Users\nicof\Desktop\proy_olga\Comparacion_de_metodos\MY31\mdgm_rgb\D11_day12.png,C:\Users\nicof\Desktop\proy_olga\Comparacion_de_metodos\MY31\masks_png_all\D11_day12_mask_class.png,94,val
MY31,515,D11_day18,MY31_D11_day18,C:\Users\nicof\Desktop\proy_olga\Comparacion_de_metodos\MY31\mdgm_rgb\D11_day18.png,C:\Users\nicof\Desktop\proy_olga\Comparacion_de_metodos\MY31\masks_png_all\D11_day18_mask_class.png,59,val
MY31,460,D08_day29,MY31_D08_day29,C:\Users\nicof\Desktop\proy_olga\Comparacion_de_metodos\MY31\mdgm_rgb\D08_day29.png,C:\Users\nicof\Desktop\proy_olga\Comparacion_de_metodos\MY31\masks_png_all\D08_day29_mask_class.png,63,val
MY31,558,D12_day33,MY31_D12_day33,C:\Users\nicof\Desktop\proy_olga\Comparacion_de_metodos\MY31\mdgm_rgb\D12_day33.png,C:\Users\nicof\Desktop\proy_olga\Comparacion_de_metodos\MY31\masks_png_all\D12_day33_mask_class.png,84,val
MY31,22,G16_day08,MY31_G16_day08,C:\Users\nicof\Desktop\proy_olga\Comparacion_de_metodos\MY31\mdgm_rgb\G16_day08.png,C:\Users\nicof\Desktop\proy_olga\Comparacion_de_metodos\MY31\masks_png_all\G16_day08_mask_class.png,37,val
MY31,324,D04_day11,MY31_D04_day11,C:\Users\nicof\Desktop\proy_olga\Comparacion_de_metodos\MY31\mdgm_rgb\D04_day11.png,C:\Users\nicof\Desktop\proy_olga\Comparacion_de_metodos\MY31\masks_png_all\D04_day11_mask_class.png,29,val
MY31,535,D12_day08,MY31_D12_day08,C:\Users\nicof\Desktop\proy_olga\Comparacion_de_metodos\MY31\mdgm_rgb\D12_day08.png,C:\Users\nicof\Desktop\proy_olga\Comparacion_de_metodos\MY31\masks_png_all\D12_day08_mask_class.png,1,val
MY31,17,G16_day03,MY31_G16_day03,C:\Users\nicof\Desktop\proy_olga\Comparacion_de_metodos\MY31\mdgm_rgb\G16_day03.png,C:\Users\nicof\Desktop\proy_olga\Comparacion_de_metodos\MY31\masks_png_all\G16_day03_mask_class.png,52,test
MY31,427,D07_day21,MY31_D07_day21,C:\Users\nicof\Desktop\proy_olga\Comparacion_de_metodos\MY31\mdgm_rgb\D07_day21.png,C:\Users\nicof\Desktop\proy_olga\Comparacion_de_metodos\MY31\masks_png_all\D07_day21_mask_class.png,21,test
MY31,608,D14_day18,MY31_D14_day18,C:\Users\nicof\Desktop\proy_olga\Comparacion_de_metodos\MY31\mdgm_rgb\D14_day18.png,C:\Users\nicof\Desktop\proy_olga\Comparacion_de_metodos\MY31\masks_png_all\D14_day18_mask_class.png,2,test
MY31,334,D04_day21,MY31_D04_day21,C:\Users\nicof\Desktop\proy_olga\Comparacion_de_metodos\MY31\mdgm_rgb\D04_day21.png,C:\Users\nicof\Desktop\proy_olga\Comparacion_de_metodos\MY31\masks_png_all\D04_day21_mask_class.png,23,test
MY31,365,D05_day24,MY31_D05_day24,C:\Users\nicof\Desktop\proy_olga\Comparacion_de_metodos\MY31\mdgm_rgb\D05_day24.png,C:\Users\nicof\Desktop\proy_olga\Comparacion_de_metodos\MY31\masks_png_all\D05_day24_mask_class.png,87,test
MY31,313,D03_day33,MY31_D03_day33,C:\Users\nicof\Desktop\proy_olga\Comparacion_de_metodos\MY31\mdgm_rgb\D03_day33.png,C:\Users\nicof\Desktop\proy_olga\Comparacion_de_metodos\MY31\masks_png_all\D03_day33_mask_class.png,91,test
MY31,91,G18_day16,MY31_G18_day16,C:\Users\nicof\Desktop\proy_olga\Comparacion_de_metodos\MY31\mdgm_rgb\G18_day16.png,C:\Users\nicof\Desktop\proy_olga\Comparacion_de_metodos\MY31\masks_png_all\G18_day16_mask_class.png,74,test
MY31,461,D08_day30,MY31_D08_day30,C:\Users\nicof\Desktop\proy_olga\Comparacion_de_metodos\MY31\mdgm_rgb\D08_day30.png,C:\Users\nicof\Desktop\proy_olga\Comparacion_de_metodos\MY31\masks_png_all\D08_day30_mask_class.png,86,test
MY31,289,D02_day13,MY31_D02_day13,C:\Users\nicof\Desktop\proy_olga\Comparacion_de_metodos\MY31\mdgm_rgb\D02_day13.png,C:\Users\nicof\Desktop\proy_olga\Comparacion_de_metodos\MY31\masks_png_all\D02_day13_mask_class.png,82,test
MY31,329,D04_day16,MY31_D04_day16,C:\Users\nicof\Desktop\proy_olga\Comparacion_de_metodos\MY31\mdgm_rgb\D04_day16.png,C:\Users\nicof\Desktop\proy_olga\Comparacion_de_metodos\MY31\masks_png_all\D04_day16_mask_class.png,20,test
MY31,299,D02_day23,MY31_D02_day23,C:\Users\nicof\Desktop\proy_olga\Comparacion_de_metodos\MY31\mdgm_rgb\D02_day23.png,C:\Users\nicof\Desktop\proy_olga\Comparacion_de_metodos\MY31\masks_png_all\D02_day23_mask_class.png,60,test
MY31,581,D13_day23,MY31_D13_day23,C:\Users\nicof\Desktop\proy_olga\Comparacion_de_metodos\MY31\mdgm_rgb\D13_day23.png,C:\Users\nicof\Desktop\proy_olga\Comparacion_de_metodos\MY31\masks_png_all\D13_day23_mask_class.png,71,test
MY31,404,D06_day30,MY31_D06_day30,C:\Users\nicof\Desktop\proy_olga\Comparacion_de_metodos\MY31\mdgm_rgb\D06_day30.png,C:\Users\nicof\Desktop\proy_olga\Comparacion_de_metodos\MY31\masks_png_all\D06_day30_mask_class.png,14,test
MY31,462,D08_day31,MY31_D08_day31,C:\Users\nicof\Desktop\proy_olga\Comparacion_de_metodos\MY31\mdgm_rgb\D08_day31.png,C:\Users\nicof\Desktop\proy_olga\Comparacion_de_metodos\MY31\masks_png_all\D08_day31_mask_class.png,92,test
MY31,9,G15_day27,MY31_G15_day27,C:\Users\nicof\Desktop\proy_olga\Comparacion_de_metodos\MY31\mdgm_rgb\G15_day27.png,C:\Users\nicof\Desktop\proy_olga\Comparacion_de_metodos\MY31\masks_png_all\G15_day27_mask_class.png,51,test
MY32,79,D17_day16,MY32_D17_day16,C:\Users\nicof\Desktop\proy_olga\Comparacion_de_metodos\MY32\mdgm_rgb\D17_day16.png,C:\Users\nicof\Desktop\proy_olga\Comparacion_de_metodos\MY32\masks_png_all\D17_day16_mask_class.png,83,train
MY32,264,F02_day02,MY32_F02_day02,C:\Users\nicof\Desktop\proy_olga\Comparacion_de_metodos\MY32\mdgm_rgb\F02_day02.png,C:\Users\nicof\Desktop\proy_olga\Comparacion_de_metodos\MY32\masks_png_all\F02_day02_mask_class.png,53,train
MY32,248,F01_day14,MY32_F01_day14,C:\Users\nicof\Desktop\proy_olga\Comparacion_de_metodos\MY32\mdgm_rgb\F01_day14.png,C:\Users\nicof\Desktop\proy_olga\Comparacion_de_metodos\MY32\masks_png_all\F01_day14_mask_class.png,70,train
MY32,266,F02_day04,MY32_F02_day04,C:\Users\nicof\Desktop\proy_olga\Comparacion_de_metodos\MY32\mdgm_rgb\F02_day04.png,C:\Users\nicof\Desktop\proy_olga\Comparacion_de_metodos\MY32\masks_png_all\F02_day04_mask_class.png,45,train
MY32,72,D17_day09,MY32_D17_day09,C:\Users\nicof\Desktop\proy_olga\Comparacion_de_metodos\MY32\mdgm_rgb\D17_day09.png,C:\Users\nicof\Desktop\proy_olga\Comparacion_de_metodos\MY32\masks_png_all\D17_day09_mask_class.png,44,train
MY32,334,F04_day10,MY32_F04_day10,C:\Users\nicof\Desktop\proy_olga\Comparacion_de_metodos\MY32\mdgm_rgb\F04_day10.png,C:\Users\nicof\Desktop\proy_olga\Comparacion_de_metodos\MY32\masks_png_all\F04_day10_mask_class.png,39,train
MY32,95,D17_day32,MY32_D17_day32,C:\Users\nicof\Desktop\proy_olga\Comparacion_de_metodos\MY32\mdgm_rgb\D17_day32.png,C:\Users\nicof\Desktop\proy_olga\Comparacion_de_metodos\MY32\masks_png_all\D17_day32_mask_class.png,22,train
MY32,259,F01_day28,MY32_F01_day28,C:\Users\nicof\Desktop\proy_olga\Comparacion_de_metodos\MY32\mdgm_rgb\F01_day28.png,C:\Users\nicof\Desktop\proy_olga\Comparacion_de_metodos\MY32\masks_png_all\F01_day28_mask_class.png,80,train
MY32,106,D18_day10,MY32_D18_day10,C:\Users\nicof\Desktop\proy_olga\Comparacion_de_metodos\MY32\mdgm_rgb\D18_day10.png,C:\Users\nicof\Desktop\proy_olga\Comparacion_de_metodos\MY32\masks_png_all\D18_day10_mask_class.png,10,train
MY32,346,F04_day22,MY32_F04_day22,C:\Users\nicof\Desktop\proy_olga\Comparacion_de_metodos\MY32\mdgm_rgb\F04_day22.png,C:\Users\nicof\Desktop\proy_olga\Comparacion_de_metodos\MY32\masks_png_all\F04_day22_mask_class.png,0,train
MY32,73,D17_day10,MY32_D17_day10,C:\Users\nicof\Desktop\proy_olga\Comparacion_de_metodos\MY32\mdgm_rgb\D17_day10.png,C:\Users\nicof\Desktop\proy_olga\Comparacion_de_metodos\MY32\masks_png_all\D17_day10_mask_class.png,18,train
MY32,3,D15_day04,MY32_D15_day04,C:\Users\nicof\Desktop\proy_olga\Comparacion_de_metodos\MY32\mdgm_rgb\D15_day04.png,C:\Users\nicof\Desktop\proy_olga\Comparacion_de_metodos\MY32\masks_png_all\D15_day04_mask_class.png,30,train
MY32,253,F01_day21,MY32_F01_day21,C:\Users\nicof\Desktop\proy_olga\Comparacion_de_metodos\MY32\mdgm_rgb\F01_day21.png,C:\Users\nicof\Desktop\proy_olga\Comparacion_de_metodos\MY32\masks_png_all\F01_day21_mask_class.png,73,train
MY32,265,F02_day03,MY32_F02_day03,C:\Users\nicof\Desktop\proy_olga\Comparacion_de_metodos\MY32\mdgm_rgb\F02_day03.png,C:\Users\nicof\Desktop\proy_olga\Comparacion_de_metodos\MY32\masks_png_all\F02_day03_mask_class.png,33,train
MY32,11,D15_day12,MY32_D15_day12,C:\Users\nicof\Desktop\proy_olga\Comparacion_de_metodos\MY32\mdgm_rgb\D15_day12.png,C:\Users\nicof\Desktop\proy_olga\Comparacion_de_metodos\MY32\masks_png_all\D15_day12_mask_class.png,90,train
MY32,328,F04_day04,MY32_F04_day04,C:\Users\nicof\Desktop\proy_olga\Comparacion_de_metodos\MY32\mdgm_rgb\F04_day04.png,C:\Users\nicof\Desktop\proy_olga\Comparacion_de_metodos\MY32\masks_png_all\F04_day04_mask_class.png,4,train
MY32,277,F02_day18,MY32_F02_day18,C:\Users\nicof\Desktop\proy_olga\Comparacion_de_metodos\MY32\mdgm_rgb\F02_day18.png,C:\Users\nicof\Desktop\proy_olga\Comparacion_de_metodos\MY32\masks_png_all\F02_day18_mask_class.png,76,train
MY32,272,F02_day12,MY32_F02_day12,C:\Users\nicof\Desktop\proy_olga\Comparacion_de_metodos\MY32\mdgm_rgb\F02_day12.png,C:\Users\nicof\Desktop\proy_olga\Comparacion_de_metodos\MY32\masks_png_all\F02_day12_mask_class.png,77,train
MY32,357,F04_day33,MY32_F04_day33,C:\Users\nicof\Desktop\proy_olga\Comparacion_de_metodos\MY32\mdgm_rgb\F04_day33.png,C:\Users\nicof\Desktop\proy_olga\Comparacion_de_metodos\MY32\masks_png_all\F04_day33_mask_class.png,12,train
MY32,93,D17_day30,MY32_D17_day30,C:\Users\nicof\Desktop\proy_olga\Comparacion_de_metodos\MY32\mdgm_rgb\D17_day30.png,C:\Users\nicof\Desktop\proy_olga\Comparacion_de_metodos\MY32\masks_png_all\D17_day30_mask_class.png,31,train
MY32,306,F03_day14,MY32_F03_day14,C:\Users\nicof\Desktop\proy_olga\Comparacion_de_metodos\MY32\mdgm_rgb\F03_day14.png,C:\Users\nicof\Desktop\proy_olga\Comparacion_de_metodos\MY32\masks_png_all\F03_day14_mask_class.png,55,train
MY32,236,D22_day28,MY32_D22_day28,C:\Users\nicof\Desktop\proy_olga\Comparacion_de_metodos\MY32\mdgm_rgb\D22_day28.png,C:\Users\nicof\Desktop\proy_olga\Comparacion_de_metodos\MY32\masks_png_all\D22_day28_mask_class.png,88,train
MY32,102,D18_day06,MY32_D18_day06,C:\Users\nicof\Desktop\proy_olga\Comparacion_de_metodos\MY32\mdgm_rgb\D18_day06.png,C:\Users\nicof\Desktop\proy_olga\Comparacion_de_metodos\MY32\masks_png_all\D18_day06_mask_class.png,26,train
MY32,335,F04_day11,MY32_F04_day11,C:\Users\nicof\Desktop\proy_olga\Comparacion_de_metodos\MY32\mdgm_rgb\F04_day11.png,C:\Users\nicof\Desktop\proy_olga\Comparacion_de_metodos\MY32\masks_png_all\F04_day11_mask_class.png,42,train
MY32,281,F02_day22,MY32_F02_day22,C:\Users\nicof\Desktop\proy_olga\Comparacion_de_metodos\MY32\mdgm_rgb\F02_day22.png,C:\Users\nicof\Desktop\proy_olga\Comparacion_de_metodos\MY32\masks_png_all\F02_day22_mask_class.png,69,train
MY32,290,F02_day31,MY32_F02_day31,C:\Users\nicof\Desktop\proy_olga\Comparacion_de_metodos\MY32\mdgm_rgb\F02_day31.png,C:\Users\nicof\Desktop\proy_olga\Comparacion_de_metodos\MY32\masks_png_all\F02_day31_mask_class.png,15,train
MY32,75,D17_day12,MY32_D17_day12,C:\Users\nicof\Desktop\proy_olga\Comparacion_de_metodos\MY32\mdgm_rgb\D17_day12.png,C:\Users\nicof\Desktop\proy_olga\Comparacion_de_metodos\MY32\masks_png_all\D17_day12_mask_class.png,40,train
MY32,228,D22_day16,MY32_D22_day16,C:\Users\nicof\Desktop\proy_olga\Comparacion_de_metodos\MY32\mdgm_rgb\D22_day16.png,C:\Users\nicof\Desktop\proy_olga\Comparacion_de_metodos\MY32\masks_png_all\D22_day16_mask_class.png,96,train
MY32,330,F04_day06,MY32_F04_day06,C:\Users\nicof\Desktop\proy_olga\Comparacion_de_metodos\MY32\mdgm_rgb\F04_day06.png,C:\Users\nicof\Desktop\proy_olga\Comparacion_de_metodos\MY32\masks_png_all\F04_day06_mask_class.png,9,train
MY32,33,D16_day02,MY32_D16_day02,C:\Users\nicof\Desktop\proy_olga\Comparacion_de_metodos\MY32\mdgm_rgb\D16_day02.png,C:\Users\nicof\Desktop\proy_olga\Comparacion_de_metodos\MY32\masks_png_all\D16_day02_mask_class.png,72,train
MY32,90,D17_day27,MY32_D17_day27,C:\Users\nicof\Desktop\proy_olga\Comparacion_de_metodos\MY32\mdgm_rgb\D17_day27.png,C:\Users\nicof\Desktop\proy_olga\Comparacion_de_metodos\MY32\masks_png_all\D17_day27_mask_class.png,11,train
MY32,77,D17_day14,MY32_D17_day14,C:\Users\nicof\Desktop\proy_olga\Comparacion_de_metodos\MY32\mdgm_rgb\D17_day14.png,C:\Users\nicof\Desktop\proy_olga\Comparacion_de_metodos\MY32\masks_png_all\D17_day14_mask_class.png,47,train
MY32,107,D18_day11,MY32_D18_day11,C:\Users\nicof\Desktop\proy_olga\Comparacion_de_metodos\MY32\mdgm_rgb\D18_day11.png,C:\Users\nicof\Desktop\proy_olga\Comparacion_de_metodos\MY32\masks_png_all\D18_day11_mask_class.png,85,train
MY32,68,D17_day05,MY32_D17_day05,C:\Users\nicof\Desktop\proy_olga\Comparacion_de_metodos\MY32\mdgm_rgb\D17_day05.png,C:\Users\nicof\Desktop\proy_olga\Comparacion_de_metodos\MY32\masks_png_all\D17_day05_mask_class.png,28,train
MY32,234,D22_day26,MY32_D22_day26,C:\Users\nicof\Desktop\proy_olga\Comparacion_de_metodos\MY32\mdgm_rgb\D22_day26.png,C:\Users\nicof\Desktop\proy_olga\Comparacion_de_metodos\MY32\masks_png_all\D22_day26_mask_class.png,93,train
MY32,353,F04_day29,MY32_F04_day29,C:\Users\nicof\Desktop\proy_olga\Comparacion_de_metodos\MY32\mdgm_rgb\F04_day29.png,C:\Users\nicof\Desktop\proy_olga\Comparacion_de_metodos\MY32\masks_png_all\F04_day29_mask_class.png,5,train
MY32,307,F03_day15,MY32_F03_day15,C:\Users\nicof\Desktop\proy_olga\Comparacion_de_metodos\MY32\mdgm_rgb\F03_day15.png,C:\Users\nicof\Desktop\proy_olga\Comparacion_de_metodos\MY32\masks_png_all\F03_day15_mask_class.png,66,train
MY32,333,F04_day09,MY32_F04_day09,C:\Users\nicof\Desktop\proy_olga\Comparacion_de_metodos\MY32\mdgm_rgb\F04_day09.png,C:\Users\nicof\Desktop\proy_olga\Comparacion_de_metodos\MY32\masks_png_all\F04_day09_mask_class.png,65,train
MY32,293,F03_day01,MY32_F03_day01,C:\Users\nicof\Desktop\proy_olga\Comparacion_de_metodos\MY32\mdgm_rgb\F03_day01.png,C:\Users\nicof\Desktop\proy_olga\Comparacion_de_metodos\MY32\masks_png_all\F03_day01_mask_class.png,35,train
MY32,314,F03_day22,MY32_F03_day22,C:\Users\nicof\Desktop\proy_olga\Comparacion_de_metodos\MY32\mdgm_rgb\F03_day22.png,C:\Users\nicof\Desktop\proy_olga\Comparacion_de_metodos\MY32\masks_png_all\F03_day22_mask_class.png,16,train
MY32,78,D17_day15,MY32_D17_day15,C:\Users\nicof\Desktop\proy_olga\Comparacion_de_metodos\MY32\mdgm_rgb\D17_day15.png,C:\Users\nicof\Desktop\proy_olga\Comparacion_de_metodos\MY32\masks_png_all\D17_day15_mask_class.png,49,train
MY32,101,D18_day04,MY32_D18_day04,C:\Users\nicof\Desktop\proy_olga\Comparacion_de_metodos\MY32\mdgm_rgb\D18_day04.png,C:\Users\nicof\Desktop\proy_olga\Comparacion_de_metodos\MY32\masks_png_all\D18_day04_mask_class.png,34,train
MY32,89,D17_day26,MY32_D17_day26,C:\Users\nicof\Desktop\proy_olga\Comparacion_de_metodos\MY32\mdgm_rgb\D17_day26.png,C:\Users\nicof\Desktop\proy_olga\Comparacion_de_metodos\MY32\masks_png_all\D17_day26_mask_class.png,7,train
MY32,208,D21_day24,MY32_D21_day24,C:\Users\nicof\Desktop\proy_olga\Comparacion_de_metodos\MY32\mdgm_rgb\D21_day24.png,C:\Users\nicof\Desktop\proy_olga\Comparacion_de_metodos\MY32\masks_png_all\D21_day24_mask_class.png,95,train
MY32,118,D18_day22,MY32_D18_day22,C:\Users\nicof\Desktop\proy_olga\Comparacion_de_metodos\MY32\mdgm_rgb\D18_day22.png,C:\Users\nicof\Desktop\proy_olga\Comparacion_de_metodos\MY32\masks_png_all\D18_day22_mask_class.png,27,train
MY32,324,F03_day32,MY32_F03_day32,C:\Users\nicof\Desktop\proy_olga\Comparacion_de_metodos\MY32\mdgm_rgb\F03_day32.png,C:\Users\nicof\Desktop\proy_olga\Comparacion_de_metodos\MY32\masks_png_all\F03_day32_mask_class.png,19,train
MY32,108,D18_day12,MY32_D18_day12,C:\Users\nicof\Desktop\proy_olga\Comparacion_de_metodos\MY32\mdgm_rgb\D18_day12.png,C:\Users\nicof\Desktop\proy_olga\Comparacion_de_metodos\MY32\masks_png_all\D18_day12_mask_class.png,81,train
MY32,339,F04_day15,MY32_F04_day15,C:\Users\nicof\Desktop\proy_olga\Comparacion_de_metodos\MY32\mdgm_rgb\F04_day15.png,C:\Users\nicof\Desktop\proy_olga\Comparacion_de_metodos\MY32\masks_png_all\F04_day15_mask_class.png,25,train
MY32,269,F02_day07,MY32_F02_day07,C:\Users\nicof\Desktop\proy_olga\Comparacion_de_metodos\MY32\mdgm_rgb\F02_day07.png,C:\Users\nicof\Desktop\proy_olga\Comparacion_de_metodos\MY32\masks_png_all\F02_day07_mask_class.png,62,train
MY32,31,D15_day33,MY32_D15_day33,C:\Users\nicof\Desktop\proy_olga\Comparacion_de_metodos\MY32\mdgm_rgb\D15_day33.png,C:\Users\nicof\Desktop\proy_olga\Comparacion_de_metodos\MY32\masks_png_all\D15_day33_mask_class.png,13,train
MY32,16,D15_day18,MY32_D15_day18,C:\Users\nicof\Desktop\proy_olga\Comparacion_de_metodos\MY32\mdgm_rgb\D15_day18.png,C:\Users\nicof\Desktop\proy_olga\Comparacion_de_metodos\MY32\masks_png_all\D15_day18_mask_class.png,24,train
MY32,354,F04_day30,MY32_F04_day30,C:\Users\nicof\Desktop\proy_olga\Comparacion_de_metodos\MY32\mdgm_rgb\F04_day30.png,C:\Users\nicof\Desktop\proy_olga\Comparacion_de_metodos\MY32\masks_png_all\F04_day30_mask_class.png,3,train
MY32,9,D15_day10,MY32_D15_day10,C:\Users\nicof\Desktop\proy_olga\Comparacion_de_metodos\MY32\mdgm_rgb\D15_day10.png,C:\Users\nicof\Desktop\proy_olga\Comparacion_de_metodos\MY32\masks_png_all\D15_day10_mask_class.png,17,train
MY32,66,D17_day03,MY32_D17_day03,C:\Users\nicof\Desktop\proy_olga\Comparacion_de_metodos\MY32\mdgm_rgb\D17_day03.png,C:\Users\nicof\Desktop\proy_olga\Comparacion_de_metodos\MY32\masks_png_all\D17_day03_mask_class.png,38,train
MY32,340,F04_day16,MY32_F04_day16,C:\Users\nicof\Desktop\proy_olga\Comparacion_de_metodos\MY32\mdgm_rgb\F04_day16.png,C:\Users\nicof\Desktop\proy_olga\Comparacion_de_metodos\MY32\masks_png_all\F04_day16_mask_class.png,8,train
MY32,304,F03_day12,MY32_F03_day12,C:\Users\nicof\Desktop\proy_olga\Comparacion_de_metodos\MY32\mdgm_rgb\F03_day12.png,C:\Users\nicof\Desktop\proy_olga\Comparacion_de_metodos\MY32\masks_png_all\F03_day12_mask_class.png,78,train
MY32,82,D17_day19,MY32_D17_day19,C:\Users\nicof\Desktop\proy_olga\Comparacion_de_metodos\MY32\mdgm_rgb\D17_day19.png,C:\Users\nicof\Desktop\proy_olga\Comparacion_de_metodos\MY32\masks_png_all\D17_day19_mask_class.png,6,train
MY32,14,D15_day16,MY32_D15_day16,C:\Users\nicof\Desktop\proy_olga\Comparacion_de_metodos\MY32\mdgm_rgb\D15_day16.png,C:\Users\nicof\Desktop\proy_olga\Comparacion_de_metodos\MY32\masks_png_all\D15_day16_mask_class.png,64,train
MY32,4,D15_day05,MY32_D15_day05,C:\Users\nicof\Desktop\proy_olga\Comparacion_de_metodos\MY32\mdgm_rgb\D15_day05.png,C:\Users\nicof\Desktop\proy_olga\Comparacion_de_metodos\MY32\masks_png_all\D15_day05_mask_class.png,36,train
MY32,162,D20_day11,MY32_D20_day11,C:\Users\nicof\Desktop\proy_olga\Comparacion_de_metodos\MY32\mdgm_rgb\D20_day11.png,C:\Users\nicof\Desktop\proy_olga\Comparacion_de_metodos\MY32\masks_png_all\D20_day11_mask_class.png,89,train
MY32,332,F04_day08,MY32_F04_day08,C:\Users\nicof\Desktop\proy_olga\Comparacion_de_metodos\MY32\mdgm_rgb\F04_day08.png,C:\Users\nicof\Desktop\proy_olga\Comparacion_de_metodos\MY32\masks_png_all\F04_day08_mask_class.png,56,train
MY32,174,D20_day23,MY32_D20_day23,C:\Users\nicof\Desktop\proy_olga\Comparacion_de_metodos\MY32\mdgm_rgb\D20_day23.png,C:\Users\nicof\Desktop\proy_olga\Comparacion_de_metodos\MY32\masks_png_all\D20_day23_mask_class.png,99,train
MY32,13,D15_day15,MY32_D15_day15,C:\Users\nicof\Desktop\proy_olga\Comparacion_de_metodos\MY32\mdgm_rgb\D15_day15.png,C:\Users\nicof\Desktop\proy_olga\Comparacion_de_metodos\MY32\masks_png_all\D15_day15_mask_class.png,54,train
MY32,305,F03_day13,MY32_F03_day13,C:\Users\nicof\Desktop\proy_olga\Comparacion_de_metodos\MY32\mdgm_rgb\F03_day13.png,C:\Users\nicof\Desktop\proy_olga\Comparacion_de_metodos\MY32\masks_png_all\F03_day13_mask_class.png,43,train
MY32,7,D15_day08,MY32_D15_day08,C:\Users\nicof\Desktop\proy_olga\Comparacion_de_metodos\MY32\mdgm_rgb\D15_day08.png,C:\Users\nicof\Desktop\proy_olga\Comparacion_de_metodos\MY32\masks_png_all\D15_day08_mask_class.png,50,train
MY32,278,F02_day19,MY32_F02_day19,C:\Users\nicof\Desktop\proy_olga\Comparacion_de_metodos\MY32\mdgm_rgb\F02_day19.png,C:\Users\nicof\Desktop\proy_olga\Comparacion_de_metodos\MY32\masks_png_all\F02_day19_mask_class.png,67,train
MY32,29,D15_day31,MY32_D15_day31,C:\Users\nicof\Desktop\proy_olga\Comparacion_de_metodos\MY32\mdgm_rgb\D15_day31.png,C:\Users\nicof\Desktop\proy_olga\Comparacion_de_metodos\MY32\masks_png_all\D15_day31_mask_class.png,46,train
MY32,15,D15_day17,MY32_D15_day17,C:\Users\nicof\Desktop\proy_olga\Comparacion_de_metodos\MY32\mdgm_rgb\D15_day17.png,C:\Users\nicof\Desktop\proy_olga\Comparacion_de_metodos\MY32\masks_png_all\D15_day17_mask_class.png,68,train
MY32,268,F02_day06,MY32_F02_day06,C:\Users\nicof\Desktop\proy_olga\Comparacion_de_metodos\MY32\mdgm_rgb\F02_day06.png,C:\Users\nicof\Desktop\proy_olga\Comparacion_de_metodos\MY32\masks_png_all\F02_day06_mask_class.png,61,train
MY32,243,F01_day09,MY32_F01_day09,C:\Users\nicof\Desktop\proy_olga\Comparacion_de_metodos\MY32\mdgm_rgb\F01_day09.png,C:\Users\nicof\Desktop\proy_olga\Comparacion_de_metodos\MY32\masks_png_all\F01_day09_mask_class.png,97,train
MY32,247,F01_day13,MY32_F01_day13,C:\Users\nicof\Desktop\proy_olga\Comparacion_de_metodos\MY32\mdgm_rgb\F01_day13.png,C:\Users\nicof\Desktop\proy_olga\Comparacion_de_metodos\MY32\masks_png_all\F01_day13_mask_class.png,79,val
MY32,175,D20_day24,MY32_D20_day24,C:\Users\nicof\Desktop\proy_olga\Comparacion_de_metodos\MY32\mdgm_rgb\D20_day24.png,C:\Users\nicof\Desktop\proy_olga\Comparacion_de_metodos\MY32\masks_png_all\D20_day24_mask_class.png,41,val
MY32,310,F03_day18,MY32_F03_day18,C:\Users\nicof\Desktop\proy_olga\Comparacion_de_metodos\MY32\mdgm_rgb\F03_day18.png,C:\Users\nicof\Desktop\proy_olga\Comparacion_de_metodos\MY32\masks_png_all\F03_day18_mask_class.png,58,val
MY32,5,D15_day06,MY32_D15_day06,C:\Users\nicof\Desktop\proy_olga\Comparacion_de_metodos\MY32\mdgm_rgb\D15_day06.png,C:\Users\nicof\Desktop\proy_olga\Comparacion_de_metodos\MY32\masks_png_all\D15_day06_mask_class.png,48,val
MY32,255,F01_day23,MY32_F01_day23,C:\Users\nicof\Desktop\proy_olga\Comparacion_de_metodos\MY32\mdgm_rgb\F01_day23.png,C:\Users\nicof\Desktop\proy_olga\Comparacion_de_metodos\MY32\masks_png_all\F01_day23_mask_class.png,98,val
MY32,331,F04_day07,MY32_F04_day07,C:\Users\nicof\Desktop\proy_olga\Comparacion_de_metodos\MY32\mdgm_rgb\F04_day07.png,C:\Users\nicof\Desktop\proy_olga\Comparacion_de_metodos\MY32\masks_png_all\F04_day07_mask_class.png,57,val
MY32,109,D18_day13,MY32_D18_day13,C:\Users\nicof\Desktop\proy_olga\Comparacion_de_metodos\MY32\mdgm_rgb\D18_day13.png,C:\Users\nicof\Desktop\proy_olga\Comparacion_de_metodos\MY32\masks_png_all\D18_day13_mask_class.png,75,val
MY32,28,D15_day30,MY32_D15_day30,C:\Users\nicof\Desktop\proy_olga\Comparacion_de_metodos\MY32\mdgm_rgb\D15_day30.png,C:\Users\nicof\Desktop\proy_olga\Comparacion_de_metodos\MY32\masks_png_all\D15_day30_mask_class.png,32,val
MY32,242,F01_day08,MY32_F01_day08,C:\Users\nicof\Desktop\proy_olga\Comparacion_de_metodos\MY32\mdgm_rgb\F01_day08.png,C:\Users\nicof\Desktop\proy_olga\Comparacion_de_metodos\MY32\masks_png_all\F01_day08_mask_class.png,94,val
MY32,41,D16_day10,MY32_D16_day10,C:\Users\nicof\Desktop\proy_olga\Comparacion_de_metodos\MY32\mdgm_rgb\D16_day10.png,C:\Users\nicof\Desktop\proy_olga\Comparacion_de_metodos\MY32\masks_png_all\D16_day10_mask_class.png,59,val
MY32,148,D19_day24,MY32_D19_day24,C:\Users\nicof\Desktop\proy_olga\Comparacion_de_metodos\MY32\mdgm_rgb\D19_day24.png,C:\Users\nicof\Desktop\proy_olga\Comparacion_de_metodos\MY32\masks_png_all\D19_day24_mask_class.png,63,val
MY32,284,F02_day25,MY32_F02_day25,C:\Users\nicof\Desktop\proy_olga\Comparacion_de_metodos\MY32\mdgm_rgb\F02_day25.png,C:\Users\nicof\Desktop\proy_olga\Comparacion_de_metodos\MY32\masks_png_all\F02_day25_mask_class.png,84,val
MY32,188,D21_day04,MY32_D21_day04,C:\Users\nicof\Desktop\proy_olga\Comparacion_de_metodos\MY32\mdgm_rgb\D21_day04.png,C:\Users\nicof\Desktop\proy_olga\Comparacion_de_metodos\MY32\masks_png_all\D21_day04_mask_class.png,37,val
MY32,65,D17_day02,MY32_D17_day02,C:\Users\nicof\Desktop\proy_olga\Comparacion_de_metodos\MY32\mdgm_rgb\D17_day02.png,C:\Users\nicof\Desktop\proy_olga\Comparacion_de_metodos\MY32\masks_png_all\D17_day02_mask_class.png,29,val
MY32,345,F04_day21,MY32_F04_day21,C:\Users\nicof\Desktop\proy_olga\Comparacion_de_metodos\MY32\mdgm_rgb\F04_day21.png,C:\Users\nicof\Desktop\proy_olga\Comparacion_de_metodos\MY32\masks_png_all\F04_day21_mask_class.png,1,val
MY32,280,F02_day21,MY32_F02_day21,C:\Users\nicof\Desktop\proy_olga\Comparacion_de_metodos\MY32\mdgm_rgb\F02_day21.png,C:\Users\nicof\Desktop\proy_olga\Comparacion_de_metodos\MY32\masks_png_all\F02_day21_mask_class.png,52,test
MY32,2,D15_day03,MY32_D15_day03,C:\Users\nicof\Desktop\proy_olga\Comparacion_de_metodos\MY32\mdgm_rgb\D15_day03.png,C:\Users\nicof\Desktop\proy_olga\Comparacion_de_metodos\MY32\masks_png_all\D15_day03_mask_class.png,21,test
MY32,341,F04_day17,MY32_F04_day17,C:\Users\nicof\Desktop\proy_olga\Comparacion_de_metodos\MY32\mdgm_rgb\F04_day17.png,C:\Users\nicof\Desktop\proy_olga\Comparacion_de_metodos\MY32\masks_png_all\F04_day17_mask_class.png,2,test
MY32,94,D17_day31,MY32_D17_day31,C:\Users\nicof\Desktop\proy_olga\Comparacion_de_metodos\MY32\mdgm_rgb\D17_day31.png,C:\Users\nicof\Desktop\proy_olga\Comparacion_de_metodos\MY32\masks_png_all\D17_day31_mask_class.png,23,test
MY32,235,D22_day27,MY32_D22_day27,C:\Users\nicof\Desktop\proy_olga\Comparacion_de_metodos\MY32\mdgm_rgb\D22_day27.png,C:\Users\nicof\Desktop\proy_olga\Comparacion_de_metodos\MY32\masks_png_all\D22_day27_mask_class.png,87,test
MY32,213,D21_day29,MY32_D21_day29,C:\Users\nicof\Desktop\proy_olga\Comparacion_de_metodos\MY32\mdgm_rgb\D21_day29.png,C:\Users\nicof\Desktop\proy_olga\Comparacion_de_metodos\MY32\masks_png_all\D21_day29_mask_class.png,91,test
MY32,43,D16_day12,MY32_D16_day12,C:\Users\nicof\Desktop\proy_olga\Comparacion_de_metodos\MY32\mdgm_rgb\D16_day12.png,C:\Users\nicof\Desktop\proy_olga\Comparacion_de_metodos\MY32\masks_png_all\D16_day12_mask_class.png,74,test
MY32,156,D20_day05,MY32_D20_day05,C:\Users\nicof\Desktop\proy_olga\Comparacion_de_metodos\MY32\mdgm_rgb\D20_day05.png,C:\Users\nicof\Desktop\proy_olga\Comparacion_de_metodos\MY32\masks_png_all\D20_day05_mask_class.png,86,test
MY32,271,F02_day11,MY32_F02_day11,C:\Users\nicof\Desktop\proy_olga\Comparacion_de_metodos\MY32\mdgm_rgb\F02_day11.png,C:\Users\nicof\Desktop\proy_olga\Comparacion_de_metodos\MY32\masks_png_all\F02_day11_mask_class.png,82,test
MY32,10,D15_day11,MY32_D15_day11,C:\Users\nicof\Desktop\proy_olga\Comparacion_de_metodos\MY32\mdgm_rgb\D15_day11.png,C:\Users\nicof\Desktop\proy_olga\Comparacion_de_metodos\MY32\masks_png_all\D15_day11_mask_class.png,20,test
MY32,34,D16_day03,MY32_D16_day03,C:\Users\nicof\Desktop\proy_olga\Comparacion_de_metodos\MY32\mdgm_rgb\D16_day03.png,C:\Users\nicof\Desktop\proy_olga\Comparacion_de_metodos\MY32\masks_png_all\D16_day03_mask_class.png,60,test
MY32,270,F02_day08,MY32_F02_day08,C:\Users\nicof\Desktop\proy_olga\Comparacion_de_metodos\MY32\mdgm_rgb\F02_day08.png,C:\Users\nicof\Desktop\proy_olga\Comparacion_de_metodos\MY32\masks_png_all\F02_day08_mask_class.png,71,test
MY32,30,D15_day32,MY32_D15_day32,C:\Users\nicof\Desktop\proy_olga\Comparacion_de_metodos\MY32\mdgm_rgb\D15_day32.png,C:\Users\nicof\Desktop\proy_olga\Comparacion_de_metodos\MY32\masks_png_all\D15_day32_mask_class.png,14,test
MY32,211,D21_day27,MY32_D21_day27,C:\Users\nicof\Desktop\proy_olga\Comparacion_de_metodos\MY32\mdgm_rgb\D21_day27.png,C:\Users\nicof\Desktop\proy_olga\Comparacion_de_metodos\MY32\masks_png_all\D21_day27_mask_class.png,92,test
MY32,8,D15_day09,MY32_D15_day09,C:\Users\nicof\Desktop\proy_olga\Comparacion_de_metodos\MY32\mdgm_rgb\D15_day09.png,C:\Users\nicof\Desktop\proy_olga\Comparacion_de_metodos\MY32\masks_png_all\D15_day09_mask_class.png,51,test
